Code,School Name,Street,Suburb,State,Postcode,Postal Street,Postal Suburb,Postal State,Postal Postcode,Latitude,Longitude,Phone,Education Region,Broad Classification,Classification Group,Low Year,High Year,KIN,PPR,Y01,Y02,Y03,Y04,Y05,Y06,UPR,Y07,Y08,Y09,Y10,Y11,Y12,USE,Total Students,BE Score,ICSEA,ATAR Rank,Median ATAR,Eligible Year 12 students,Students with ATAR,% students with ATAR
1038,ST MARY STAR OF THE SEA CATHOLIC SCHOOL,JOHNSTON STREET,CARNARVON,WA,6701,JOHNSTON STREET,CARNARVON,WA,6701,-24.88555971,113.6586924,08 9941 1328,MIDWEST,NON-GOVT SCHOOLS,NON-GOVERNMENT,KIN,Y12,37,26,29,20,22,30,29,26,,32,31,17,13,8,3,,323,88,996,,,,,
4941,CARNARVON COMMUNITY COLLEGE,23-27 MARMION STREET,EAST CARNARVON,WA,6701,PO BOX 648,CARNARVON,WA,6701,-24.867098,113.676415,08 9941 6000,MIDWEST,K-12 SCHOOLS,K-12 SCHOOLS,KIN,Y12,21,25,24,32,36,36,32,23,,35,27,31,20,24,17,,383,73,763,,,,,
4077,EXMOUTH DISTRICT HIGH SCHOOL,CARPENTER STREET,EXMOUTH,WA,6707,PO BOX 105,EXMOUTH,WA,6707,-21.93316002,114.1242962,08 9947 8888,MIDWEST,District High Schools,DISTRICT HIGH SCHOOLS,KIN,Y12,44,38,39,39,41,36,38,30,,25,32,34,28,24,14,,462,85,1016,,,,,
4173,KALBARRI DISTRICT HIGH SCHOOL,HACKNEY STREET,KALBARRI,WA,6536,PO BOX 584,KALBARRI,WA,6536,-27.712788,114.163881,08 9936 4800,MIDWEST,District High Schools,DISTRICT HIGH SCHOOLS,KIN,Y12,20,19,13,12,17,17,12,13,,15,25,14,15,3,8,,203,85,988,,,,,
1068,NAGLE CATHOLIC COLLEGE,SANFORD STREET,GERALDTON,WA,6530,SANFORD STREET,GERALDTON,WA,6530,-28.77776964,114.6099931,08 9920 0500,MIDWEST,NON-GOVT SCHOOLS,NON-GOVERNMENT,Y07,Y12,,,,,,,,,,208,192,222,179,154,134,,1089,88,1018,81,77.05,131,54,41.22
4163,GERALDTON SENIOR HIGH SCHOOL,CARSON TERRACE,GERALDTON,WA,6530,PMB 10100,GERALDTON PO,WA,6531,-28.78068474,114.6117092,08 9965 8400,MIDWEST,Senior High Schools,SECONDARY SCHOOLS,Y07,Y12,,,,,,,,,,209,193,,174,167,191,,934,Not Rated,904,127,64.5,189,27,14.29
1484,GERALDTON FLEXIBLE LEARNING CENTRE,15 BAYLY STREET,GERALDTON,WA,6530,15 BAYLY STREET,GERALDTON,WA,6530,-28.76770179,114.6188153,08 9965 2264,MIDWEST,NON-GOVT SCHOOLS,NON-GOVERNMENT,Y07,Y12,,,,,,,,,,11,18,25,25,17,17,,113,Not Rated,,,,,,
1403,GERALDTON GRAMMAR SCHOOL,134 GEORGE ROAD,GERALDTON,WA,6530,134 GEORGE ROAD,GERALDTON,WA,6530,-28.76195313,114.621025,08 9965 7800,MIDWEST,NON-GOVT SCHOOLS,NON-GOVERNMENT,KIN,Y12,33,25,19,31,29,33,37,43,,48,37,42,39,53,42,,511,94,1068,95,74.45,42,34,80.95
4996,CHAMPION BAY SENIOR HIGH SCHOOL,HIGHBURY STREET,GERALDTON,WA,6530,PMB 102,GERALDTON,WA,6530,-28.79463546,114.63296,08 9965 8300,MIDWEST,Senior High Schools,SECONDARY SCHOOLS,Y07,Y11,,,,,,,,,,135,119,290,128,94,,,766,,,,,,,
1292,STRATHALBYN CHRISTIAN COLLEGE,15 CEDAR CRESCENT,STRATHALBYN,WA,6530,15 CEDAR CRESCENT,STRATHALBYN,WA,6530,-28.75198509,114.6442673,08 9938 9100 ,MIDWEST,NON-GOVT SCHOOLS,NON-GOVERNMENT,KIN,Y12,30,19,21,27,23,32,34,21,,25,35,32,40,26,12,,377,89,1026,,,,,
4093,NORTHAMPTON DISTRICT HIGH SCHOOL,30 HARVEY ROAD,NORTHAMPTON,WA,6535,PO BOX 13,NORTHAMPTON,WA,6535,-28.3556655,114.646082,08 9934 7000,MIDWEST,District High Schools,DISTRICT HIGH SCHOOLS,KIN,Y10,15,9,18,15,12,7,18,16,,10,13,14,5,,,,152,80,913,,,,,
4131,DONGARA DISTRICT HIGH SCHOOL,13 CAVE WAY,DONGARA,WA,6525,13 CAVE WAY,DONGARA,WA,6525,-29.24926582,114.9285663,08 9927 7200,MIDWEST,District High Schools,DISTRICT HIGH SCHOOLS,KIN,Y12,39,27,31,30,49,42,40,49,,31,24,27,24,11,8,,432,76,962,,,,,
4155,JURIEN BAY DISTRICT HIGH SCHOOL,19 HAMERSLEY STREET,JURIEN BAY,WA,6516,PO BOX 648,JURIEN BAY,WA,6516,-30.308373,115.040116,08 9688 6100,MIDWEST,District High Schools,DISTRICT HIGH SCHOOLS,KIN,Y12,24,19,18,28,19,19,32,21,,31,23,28,32,14,9,,317,78,961,,,,,
4033,MARGARET RIVER SENIOR HIGH SCHOOL,158 BUSSELL HIGHWAY,MARGARET RIVER,WA,6285,158 BUSSELL HIGHWAY,MARGARET RIVER,WA,6285,-33.95431827,115.0746714,08 9757 0700,SOUTH WEST,Senior High Schools,SECONDARY SCHOOLS,Y07,Y12,,,,,,,,,,227,210,195,179,171,118,,1100,90,1037,47,82.35,116,46,39.66
4178,CAPE NATURALISTE COLLEGE,30 YEBBLE DRIVE,VASSE,WA,6280,30 YEBBLE DRIVE,VASSE,WA,6280,-33.67693545,115.2438891,08 9746 3500,SOUTH WEST,Senior High Schools,SECONDARY SCHOOLS,Y07,Y12,,,,,,,,,,200,169,171,116,110,111,,877,85,1008,66,79.95,110,35,31.82
1329,CORNERSTONE CHRISTIAN COLLEGE LTD,GRACE COURT,BUSSELTON,WA,6280,GRACE COURT,BUSSELTON,WA,6280,-33.67026207,115.3229807,08 9754 1144,SOUTH WEST,NON-GOVT SCHOOLS,NON-GOVERNMENT,KIN,Y12,56,25,33,29,32,32,35,25,,42,28,27,30,22,26,,442,,,,,,,
4009,BUSSELTON SENIOR HIGH SCHOOL,136-156 BUSSELL HIGHWAY,BUSSELTON,WA,6280,136-156 BUSSELL HIGHWAY,BUSSELTON,WA,6280,-33.6575772,115.3250971,08 9751 8900,SOUTH WEST,Senior High Schools,SECONDARY SCHOOLS,Y07,Y12,,,,,,,,,,123,135,115,130,92,88,,683,80,947,,,,,
1394,ST MARY MACKILLOP COLLEGE,MACKILLOP AVENUE,BUSSELTON,WA,6280,MACKILLOP AVENUE,BUSSELTON,WA,6280,-33.66260748,115.3302509,08 9752 7400,SOUTH WEST,NON-GOVT SCHOOLS,NON-GOVERNMENT,KIN,Y12,96,60,60,68,71,71,96,95,,174,178,150,137,105,97,,1458,92,1045,70,79.3,97,51,52.58
1429,GEORGIANA MOLLOY ANGLICAN SCHOOL,2 HAWKER APPROACH,BUSSELTON,WA,6280,2 HAWKER APPROACH,BUSSELTON,WA,6280,-33.6606425,115.3815495,08 9752 5252,SOUTH WEST,NON-GOVT SCHOOLS,NON-GOVERNMENT,KIN,Y12,59,53,58,71,54,72,94,75,,124,115,97,104,83,62,,1121,94,1072,45,82.6,62,39,62.9
4088,MULLEWA DISTRICT HIGH SCHOOL,JOSE STREET,MULLEWA,WA,6630,PO BOX 137,MULLEWA,WA,6630,-28.53708777,115.5128854,08 9961 1114,MIDWEST,District High Schools,DISTRICT HIGH SCHOOLS,KIN,Y12,3,10,4,10,5,8,2,11,,4,10,4,5,2,2,,80,Not Rated,674,,,,,
1454,SOUTH WEST JOHN CALVIN CHRISTIAN COLLEGE,2 WIDDESON ROAD,CAPEL,WA,6271,2 WIDDESON ROAD,CAPEL,WA,6271,-33.54326,115.565416,08 9726 2038,SOUTH WEST,NON-GOVT SCHOOLS,NON-GOVERNMENT,KIN,Y10,5,5,13,6,7,8,6,13,,7,11,7,4,,,,92,,,,,,,
4183,DALYELLUP COLLEGE,WAKE DRIVE,DALYELLUP,WA,6230,PO BOX 1096,BUNBURY,WA,6231,-33.40385496,115.6257673,08 9797 9200,SOUTH WEST,Senior High Schools,SECONDARY SCHOOLS,Y07,Y12,,,,,,,,,,126,146,152,150,117,63,,754,80,981,,,,,
4008,BUNBURY SENIOR HIGH SCHOOL,10-44 HAIG CRESCENT,BUNBURY,WA,6230,10-44 HAIG CRESCENT,BUNBURY,WA,6230,-33.32746917,115.6326077,08 9781 2500,SOUTH WEST,Senior High Schools,SECONDARY SCHOOLS,Y07,Y12,,,,,,,,,,177,183,205,166,141,107,,979,88,1019,79,77.3,107,40,37.38
4040,NEWTON MOORE SENIOR HIGH SCHOOL,19-35 HOTCHIN STREET,SOUTH BUNBURY,WA,6230,19-35 HOTCHIN STREET,SOUTH BUNBURY,WA,6230,-33.359211,115.6354214,08 9722 2400,SOUTH WEST,Senior High Schools,SECONDARY SCHOOLS,Y07,Y12,,,,,,,,,,128,150,137,94,85,50,,644,80,920,,,,,
1521,BUNBURY REGIONAL COMMUNITY COLLEGE,16 VICTORIA STREET,BUNBURY,WA,6230,16 VICTORIA STREET,BUNBURY,WA,6230,-33.32065,115.63714,0459 915 803 ,SOUTH WEST,NON-GOVT SCHOOLS,NON-GOVERNMENT,Y09,Y12,,,,,,,,,,,,4,63,46,21,,134,Not Rated,,,,,,
1222,BUNBURY CATHEDRAL GRAMMAR SCHOOL,5 ALLEN ROAD,GELORUP,WA,6230,5 ALLEN ROAD,GELORUP,WA,6230,-33.404668,115.63864,08 9722 6000,SOUTH WEST,NON-GOVT SCHOOLS,NON-GOVERNMENT,KIN,Y12,29,13,27,22,25,34,28,36,,60,77,74,75,80,75,,655,97,1081,29,84.8,75,61,81.33
4207,YANCHEP SECONDARY COLLEGE,21 RAVENSBOURNE STREET,YANCHEP,WA,6035,21 RAVENSBOURNE STREET,YANCHEP,WA,6035,-31.552523,115.643429,08 9562 8000 ,NORTH METROPOLITAN,Senior High Schools,SECONDARY SCHOOLS,Y07,Y12,,,,,,,,,,166,137,153,132,83,47,,718,79,978,,,,,
1519,ATLANTIS BEACH BAPTIST COLLEGE,BREAKWATER DRIVE,TWO ROCKS,WA,6037,BREAKWATER DRIVE,TWO ROCKS,WA,6037,-31.473535,115.644623,08 9544 3000,NORTH METROPOLITAN,NON-GOVT SCHOOLS,NON-GOVERNMENT,KIN,Y10,14,10,11,14,19,18,24,16,,21,11,12,11,,,,181,89,988,,,,,
4179,MANEA SENIOR COLLEGE,ROBERTSON DRIVE,BUNBURY,WA,6230,PO BOX 500,BUNBURY,WA,6230,-33.36775659,115.6567975,08 9721 0400,SOUTH WEST,Senior Colleges,SECONDARY SCHOOLS,Y11,Y12,,,,,,,,,,,,,,255,333,,588,Not Rated,1022,81,77.05,334,90,26.95
1029,BUNBURY CATHOLIC COLLEGE,LOT 4 RODSTED STREET,BUNBURY,WA,6230,LOT 4 RODSTED STREET,BUNBURY,WA,6230,-33.34342203,115.6614239,08 9721 0000,SOUTH WEST,NON-GOVT SCHOOLS,NON-GOVERNMENT,Y07,Y12,,,,,,,,,,166,164,158,151,94,93,,826,89,1035,71,78.95,93,34,36.56
1371,GRACE CHRISTIAN SCHOOL,22 VITTORIA ROAD,BUNBURY,WA,6230,22 VITTORIA ROAD,BUNBURY,WA,6230,-33.33832794,115.6810759,08 9726 4200,SOUTH WEST,NON-GOVT SCHOOLS,NON-GOVERNMENT,KIN,Y12,42,43,46,47,44,49,52,59,,51,37,44,40,27,14,,595,93,1058,,,,,
1493,ST JAMES' ANGLICAN SCHOOL,2 GRACEFUL BOULEVARD,ALKIMOS,WA,6038,2 GRACEFUL BOULEVARD,ALKIMOS,WA,6038,-31.618541,115.68637,08 6336 8330,NORTH METROPOLITAN,NON-GOVT SCHOOLS,NON-GOVERNMENT,KIN,Y11,57,54,52,57,57,64,51,60,,70,69,63,40,22,,,716,92,1068,,,,,
4166,HALLS HEAD COLLEGE,CASUARINA DRIVE,HALLS HEAD,WA,6210,CASUARINA DRIVE,HALLS HEAD,WA,6210,-32.55444963,115.6942404,08 9581 0600,SOUTH METROPOLITAN,Senior High Schools,SECONDARY SCHOOLS,Y07,Y12,,,,,,,,,,245,266,280,212,225,171,,1399,Not Rated,930,112,69.95,169,38,22.49
4171,MINDARIE SENIOR COLLEGE,14 ELLISTON PARADE,MINDARIE,WA,6030,PO BOX 2003,CLARKSON,WA,6030,-31.6769792,115.7060496,08 6207 5500,NORTH METROPOLITAN,Senior Colleges,SECONDARY SCHOOLS,Y11,Y12,,,,,,,,,,,,,,406,374,,780,Not Rated,1034,111,70.1,372,98,26.34
1428,PETER MOYES ANGLICAN COMMUNITY SCHOOL,ELLISTON PARADE,MINDARIE,WA,6030,ELLISTON PARADE,MINDARIE,WA,6030,-31.67541576,115.7075982,08 9304 5500,NORTH METROPOLITAN,NON-GOVT SCHOOLS,NON-GOVERNMENT,KIN,Y12,96,62,76,53,64,64,64,62,,152,151,141,150,122,90,,1347,91,1073,55,81.05,90,57,63.33
4191,BUTLER COLLEGE,15 MCCORMACK BOULEVARD,BUTLER,WA,6036,PO BOX 317,QUINNS ROCKS,WA,6030,-31.65166367,115.7087008,08 9561 4200,NORTH METROPOLITAN,Senior High Schools,SECONDARY SCHOOLS,Y07,Y12,,,,,,,,,,231,331,331,316,238,186,,1633,79,993,39,83.7,170,36,21.18
1418,IRENE MCCORMACK CATHOLIC COLLEGE,18 BRADMAN DRIVE,BUTLER,WA,6036,18 BRADMAN DRIVE,BUTLER,WA,6036,-31.65406275,115.709449,08 9562 2400,NORTH METROPOLITAN,NON-GOVT SCHOOLS,NON-GOVERNMENT,Y07,Y12,,,,,,,,,,148,171,153,158,146,104,,880,86,1027,120,66.2,104,47,45.19
1488,ALKIMOS BAPTIST COLLEGE,60 SEAGROVE BOULEVARD,MERRIWA,WA,6030,60 SEAGROVE BOULEVARD,MERRIWA,WA,6030,-31.66032819,115.7101785,08 9406 8189,NORTH METROPOLITAN,NON-GOVT SCHOOLS,NON-GOVERNMENT,KIN,Y12,19,19,22,11,21,16,16,32,,30,31,26,30,13,14,,300,85,1035,,,,,
1404,QUINNS BAPTIST COLLEGE,8 SALERNO DRIVE,MINDARIE,WA,6030,8 SALERNO DRIVE,MINDARIE,WA,6030,-31.67618587,115.7101964,08 9305 8808,NORTH METROPOLITAN,NON-GOVT SCHOOLS,NON-GOVERNMENT,KIN,Y12,51,46,57,60,64,63,64,64,,154,152,149,89,78,92,,1183,91,1062,118,66.9,91,31,34.07
1497,YOUTH FUTURES COMMUNITY SCHOOL,59 KEY LARGO DRIVE,CLARKSON,WA,6030,59 KEY LARGO DRIVE,CLARKSON,WA,6030,-31.69110006,115.7198502,08 9407 9099,NORTH METROPOLITAN,NON-GOVT SCHOOLS,NON-GOVERNMENT,Y09,Y12,,,,,,,,,,,,2,73,59,86,,220,,,,,,,
4161,EATON COMMUNITY COLLEGE,20 RECREATION DRIVE,EATON,WA,6232,20 RECREATION DRIVE,EATON,WA,6232,-33.3176055,115.7228908,08 9796 7000,SOUTH WEST,Senior High Schools,SECONDARY SCHOOLS,Y07,Y12,,,,,,,,,,117,97,105,103,70,61,,553,76,947,,,,,
4160,CLARKSON COMMUNITY HIGH SCHOOL,16 WALYUNGA BOULEVARD,CLARKSON,WA,6030,16 WALYUNGA BOULEVARD,CLARKSON,WA,6030,-31.67744562,115.7267272,08 6206 5000,NORTH METROPOLITAN,Senior High Schools,SECONDARY SCHOOLS,Y07,Y12,,,,,,,,,,55,65,69,73,38,25,,325,74,921,,,,,
4146,AUSTRALIND SENIOR HIGH SCHOOL,12 BREAK O'DAY DRIVE,AUSTRALIND,WA,6233,12 BREAK O'DAY DRIVE,AUSTRALIND,WA,6233,-33.27665965,115.7284365,08 9797 4400,SOUTH WEST,Senior High Schools,SECONDARY SCHOOLS,Y07,Y12,,,,,,,,,,281,279,262,248,206,148,,1424,82,977,76,78.4,147,35,23.81
4172,KINROSS COLLEGE,FALKLAND WAY,KINROSS,WA,6028,FALKLAND WAY,KINROSS,WA,6028,-31.71789873,115.7325952,08 9233 6700,NORTH METROPOLITAN,High Schools,SECONDARY SCHOOLS,Y07,Y10,,,,,,,,,,181,198,165,173,,,,717,90,1033,,,,,
4054,ROCKINGHAM SENIOR HIGH SCHOOL,15 READ STREET,ROCKINGHAM,WA,6168,PO BOX 786,ROCKINGHAM,WA,6968,-32.28495172,115.7355203,08 9527 0300,SOUTH METROPOLITAN,Senior High Schools,SECONDARY SCHOOLS,Y07,Y12,,,,,,,,,,198,193,163,160,145,106,,965,,,,,,,
1322,ROCKINGHAM MONTESSORI SCHOOL,7 ATTWOOD WAY,ROCKINGHAM,WA,6168,7 ATTWOOD WAY,ROCKINGHAM,WA,6168,-32.27658489,115.736737,08 9528 2118,SOUTH METROPOLITAN,NON-GOVT SCHOOLS,NON-GOVERNMENT,KIN,Y12,37,32,17,28,23,12,17,18,,27,23,13,10,14,4,,275,81,1061,,,,,
1380,MANDURAH CATHOLIC COLLEGE,79-97 COODANUP DRIVE,MANDURAH,WA,6210,79-97 COODANUP DRIVE,MANDURAH,WA,6210,-32.54895945,115.738286,08 9531 9500,SOUTH METROPOLITAN,NON-GOVT SCHOOLS,NON-GOVERNMENT,KIN,Y12,30,27,59,31,44,62,64,48,,228,240,223,236,184,200,,1676,91,1040,32,84.5,199,83,41.71
4140,OCEAN REEF SENIOR HIGH SCHOOL,21 VENTURI DRIVE,OCEAN REEF,WA,6027,21 VENTURI DRIVE,OCEAN REEF,WA,6027,-31.75879833,115.7389749,08 6206 2700,NORTH METROPOLITAN,Senior High Schools,SECONDARY SCHOOLS,Y07,Y12,,,,,,,,,,260,231,204,209,185,145,,1234,89,1052,83,76.35,143,58,40.56
1326,PRENDIVILLE CATHOLIC COLLEGE,11 PRENDIVILLE DRIVE,OCEAN REEF,WA,6027,11 PRENDIVILLE DRIVE,OCEAN REEF,WA,6027,-31.75468355,115.7396844,08 9307 2000,NORTH METROPOLITAN,NON-GOVT SCHOOLS,NON-GOVERNMENT,Y07,Y12,,,,,,,,,,205,212,183,190,184,159,,1133,93,1077,60,80.45,159,85,53.46
1526,OUR LADY OF MERCY COLLEGE,100 LEISURE DRIVE,AUSTRALIND,WA,6233,PO BOX 220,AUSTRALIND,WA,6233,-33.270941,115.740064,08 9720 3300,SOUTH WEST,NON-GOVT SCHOOLS,NON-GOVERNMENT,Y07,Y12,,,,,,,,,,111,141,108,115,53,55,,583,,,27,85.2,54,25,46.3
4128,SAFETY BAY SENIOR HIGH SCHOOL,80 MALIBU ROAD,SAFETY BAY,WA,6169,PO BOX 6122,WAIKIKI,WA,6169,-32.30328609,115.7409641,08 9527 0200,SOUTH METROPOLITAN,Senior High Schools,SECONDARY SCHOOLS,Y07,Y12,,,,,,,,,,242,192,218,225,160,116,,1153,,,136,58.75,115,23,20
1455,CHILD SIDE SCHOOL,32 ARMSTRONG ROAD,BOYANUP,WA,6237,32 ARMSTRONG ROAD,BOYANUP,WA,6237,-33.48598843,115.7411328,08 9731 5232,SOUTH WEST,NON-GOVT SCHOOLS,NON-GOVERNMENT,KIN,Y10,10,8,7,5,2,5,6,7,,9,5,7,3,,,,74,Not Rated,1083,,,,,
1325,ST MARK'S ANGLICAN COMMUNITY SCHOOL,ST MARKS DRIVE,HILLARYS,WA,6025,PO BOX 231,HILLARYS,WA,6923,-31.79848743,115.7428728,08 9403 1300,NORTH METROPOLITAN,NON-GOVT SCHOOLS,NON-GOVERNMENT,KIN,Y12,50,51,59,87,87,116,117,181,,179,179,137,157,166,156,,1722,96,1119,58,80.8,154,113,73.38
1109,SACRED HEART COLLEGE,15 HOCKING PARADE,SORRENTO,WA,6020,15 HOCKING PARADE,SORRENTO,WA,6020,-31.82737166,115.74657,08 9246 8200,NORTH METROPOLITAN,NON-GOVT SCHOOLS,NON-GOVERNMENT,Y07,Y12,,,,,,,,,,240,241,240,242,232,230,,1425,95,1109,19,87.6,229,147,64.19
4148,COODANUP COLLEGE,WANJEEP STREET,MANDURAH,WA,6210,WANJEEP STREET,MANDURAH,WA,6210,-32.54610231,115.7489824,08 9581 0900,SOUTH METROPOLITAN,Senior High Schools,SECONDARY SCHOOLS,Y07,Y12,,,,,,,,,,158,144,150,137,124,86,,799,,,,,,,
1267,THE BEEHIVE MONTESSORI SCHOOL INC,CURTIN AVENUE,MOSMAN PARK,WA,6012,CURTIN AVENUE,MOSMAN PARK,WA,6012,-32.01798492,115.7522159,08 9383 1283,NORTH METROPOLITAN,NON-GOVT SCHOOLS,NON-GOVERNMENT,KIN,Y10,47,29,22,20,17,23,19,11,,4,7,1,1,,,,201,,,,,,,
1373,FREDERICK IRWIN ANGLICAN SCHOOL,36-66 GORDON ROAD,MANDURAH,WA,6210,36-66 GORDON ROAD,MANDURAH,WA,6210,-32.50869435,115.7530802,08 9537 0000,SOUTH METROPOLITAN,NON-GOVT SCHOOLS,NON-GOVERNMENT,KIN,Y12,79,81,78,87,83,87,112,108,,156,168,155,140,139,119,,1592,98,1088,69,79.65,120,92,76.67
1063,CHRISTIAN BROTHERS' COLLEGE,51 ELLEN STREET,FREMANTLE,WA,6160,51 ELLEN STREET,FREMANTLE,WA,6160,-32.05178739,115.7533646,08 9336 2700,SOUTH METROPOLITAN,NON-GOVT SCHOOLS,NON-GOVERNMENT,Y07,Y12,,,,,,,,,,158,164,133,144,114,113,,826,94,1089,49,82.2,112,66,58.93
1353,KOLBE CATHOLIC COLLEGE,DOWLING STREET,ROCKINGHAM,WA,6168,DOWLING STREET,ROCKINGHAM,WA,6168,-32.27997384,115.7539727,08 9592 1500,SOUTH METROPOLITAN,NON-GOVT SCHOOLS,NON-GOVERNMENT,Y07,Y12,,,,,,,,,,223,220,205,193,160,159,,1160,92,1046,97,74.25,158,65,41.14
1423,SOUTH METROPOLITAN YOUTH LINK COMMUNITY COLLEGE,32 TESLA ROAD,ROCKINGHAM,WA,6168,32 TESLA ROAD,ROCKINGHAM,WA,6168,-32.27298182,115.7542075,08 9550 9400,SOUTH METROPOLITAN,NON-GOVT SCHOOLS,NON-GOVERNMENT,Y08,Y12,,,,,,,,,,,50,91,91,127,165,,524,,,,,,,
1408,LIVING WATERS LUTHERAN COLLEGE,176 CURRIE STREET,WARNBRO,WA,6169,176 CURRIE STREET,WARNBRO,WA,6169,-32.34307717,115.7544169,08 9593 1211,SOUTH METROPOLITAN,NON-GOVT SCHOOLS,NON-GOVERNMENT,KIN,Y12,17,19,25,27,28,35,44,45,,67,64,65,68,38,58,,600,,,51,81.5,57,21,36.84
4025,JOHN CURTIN COLLEGE OF THE ARTS,90 ELLEN STREET,FREMANTLE,WA,6160,90 ELLEN STREET,FREMANTLE,WA,6160,-32.04863279,115.7562238,08 9433 7200,SOUTH METROPOLITAN,Senior High Schools,SECONDARY SCHOOLS,Y07,Y12,,,,,,,,,,331,298,321,326,262,223,,1761,98,1120,25,85.25,224,146,65.18
4196,JOHN TONKIN COLLEGE,EDUCATION DRIVE,MANDURAH,WA,6210,PO BOX 684,MANDURAH,WA,6210,-32.51758689,115.756358,08 9583 7373,SOUTH METROPOLITAN,Senior High Schools,SECONDARY SCHOOLS,Y07,Y12,,,,,,,,,,101,84,155,157,147,121,,765,81,980,126,64.6,119,21,17.65
1324,SOUTH COAST BAPTIST COLLEGE,30 GNANGARA DRIVE,WAIKIKI,WA,6169,30 GNANGARA DRIVE,WAIKIKI,WA,6169,-32.31535966,115.7575046,08 9540 4400,SOUTH METROPOLITAN,NON-GOVT SCHOOLS,NON-GOVERNMENT,KIN,Y12,67,59,65,52,51,78,76,82,,104,79,111,63,69,53,,1009,,,,,,,
4159,WARNBRO COMMUNITY HIGH SCHOOL,2 SWALLOWTAIL PARADE,WARNBRO,WA,6169,2 SWALLOWTAIL PARADE,WARNBRO,WA,6169,-32.34556923,115.7590964,08 9553 0100 ,SOUTH METROPOLITAN,Senior High Schools,SECONDARY SCHOOLS,Y07,Y12,,,,,,,,,,194,191,176,130,122,89,,902,,,,,,,
1462,MANDURAH BAPTIST COLLEGE,CATALINA DRIVE,LAKELANDS,WA,6210,CATALINA DRIVE,LAKELANDS,WA,6210,-32.47830702,115.7601182,08 9583 7000,SOUTH METROPOLITAN,NON-GOVT SCHOOLS,NON-GOVERNMENT,KIN,Y12,43,45,56,52,72,65,73,87,,123,128,126,126,104,123,,1223,,,109,70.65,121,63,52.07
1366,LAKE JOONDALUP BAPTIST COLLEGE,8 KENNEDYA DRIVE,JOONDALUP,WA,6027,8 KENNEDYA DRIVE,JOONDALUP,WA,6027,-31.73747504,115.7614206,08 9300 7444,NORTH METROPOLITAN,NON-GOVT SCHOOLS,NON-GOVERNMENT,KIN,Y12,77,57,56,57,70,74,90,108,,149,144,166,160,127,133,,1468,93,1105,80,77.25,133,85,63.91
1412,FOUNDATION CHRISTIAN COLLEGE,115 WALDRON BLVDE,GREENFIELDS,WA,6210,115 WALDRON BLVDE,GREENFIELDS,WA,6210,-32.52931617,115.7622888,08 9586 5444,SOUTH METROPOLITAN,NON-GOVT SCHOOLS,NON-GOVERNMENT,KIN,Y12,26,38,30,35,45,42,48,34,,32,52,39,44,33,29,,527,84,1030,,,,,
4176,COMET BAY COLLEGE,2 ALLATOONA AVENUE,SECRET HARBOUR,WA,6173,PO BOX 7134,SECRET HARBOUR,WA,6173,-32.4158052,115.7629996,08 9553 8100,SOUTH METROPOLITAN,Senior High Schools,SECONDARY SCHOOLS,Y07,Y12,,,,,,,,,,310,290,334,298,293,247,,1772,82,1013,35,84,245,52,21.22
4153,BELRIDGE SECONDARY COLLEGE,17 GWENDOLINE DRIVE,BELDON,WA,6027,17 GWENDOLINE DRIVE,BELDON,WA,6027,-31.77038385,115.7631759,08 9408 8000,NORTH METROPOLITAN,Senior High Schools,SECONDARY SCHOOLS,Y07,Y12,,,,,,,,,,199,185,180,177,146,128,,1015,86,1015,102,72.55,128,39,30.47
1147,PRESBYTERIAN LADIES COLLEGE,14 MCNEIL STREET,PEPPERMINT GROVE,WA,6011,14 MCNEIL STREET,PEPPERMINT GROVE,WA,6011,-31.993592,115.764906,08 9424 6444,NORTH METROPOLITAN,NON-GOVT SCHOOLS,NON-GOVERNMENT,KIN,Y12,25,12,18,13,23,34,43,50,,113,105,151,147,156,137,,1027,99,1111,11,89.2,109,97,88.99
4089,NANNUP DISTRICT HIGH SCHOOL,BISHOP STREET,NANNUP,WA,6275,BISHOP STREET,NANNUP,WA,6275,-33.99015078,115.7655942,08 9756 1008,SOUTH WEST,District High Schools,DISTRICT HIGH SCHOOLS,KIN,Y10,15,8,14,13,13,16,16,12,,8,8,12,8,,,,143,82,1006,,,,,
1157,ST MARY'S ANGLICAN GIRLS' SCHOOL,75 ELLIOTT ROAD,KARRINYUP,WA,6018,75 ELLIOTT ROAD,KARRINYUP,WA,6018,-31.87697112,115.766244,08 9341 9111,NORTH METROPOLITAN,NON-GOVT SCHOOLS,NON-GOVERNMENT,KIN,Y12,18,34,26,43,47,52,76,83,,181,184,192,191,171,154,,1452,100,1158,7,90.3,153,128,83.66
4129,DUNCRAIG SENIOR HIGH SCHOOL,22 SULLIVAN ROAD,DUNCRAIG,WA,6023,22 SULLIVAN ROAD,DUNCRAIG,WA,6023,-31.82190527,115.767131,08 6241 5400,NORTH METROPOLITAN,Senior High Schools,SECONDARY SCHOOLS,Y07,Y12,,,,,,,,,,331,317,266,294,223,190,,1621,95,1073,32,84.5,190,95,50
1121,IONA PRESENTATION COLLEGE,33 PALMERSTON STREET,MOSMAN PARK,WA,6012,33 PALMERSTON STREET,MOSMAN PARK,WA,6012,-32.00852636,115.7677349,08 9384 0066,NORTH METROPOLITAN,NON-GOVT SCHOOLS,NON-GOVERNMENT,KIN,Y12,36,24,17,20,35,36,59,62,,160,171,165,145,126,134,,1190,97,1124,17,87.8,134,91,67.91
1122,ST HILDA'S ANGLICAN SCHOOL FOR GIRLS,BAY VIEW TERRACE,MOSMAN PARK,WA,6012,BAY VIEW TERRACE,MOSMAN PARK,WA,6012,-32.005047,115.767812,08 9285 4100,NORTH METROPOLITAN,NON-GOVT SCHOOLS,NON-GOVERNMENT,KIN,Y12,49,20,22,24,36,39,71,69,,104,129,132,137,130,147,,1109,100,1197,2,92.7,147,134,91.16
4206,FREMANTLE COLLEGE,LEFROY ROAD,BEACONSFIELD,WA,6162,LEFROY ROAD,BEACONSFIELD,WA,6162,-32.06791,115.76798,08 9338 8900,SOUTH METROPOLITAN,Senior High Schools,SECONDARY SCHOOLS,Y07,Y12,,,,,,,,,,245,270,229,183,154,99,,1180,,,128,64.25,91,28,30.77
1171,SCOTCH COLLEGE,76 SHENTON ROAD,SWANBOURNE,WA,6010,76 SHENTON ROAD,SWANBOURNE,WA,6010,-31.98113329,115.7731945,08 9383 6800,NORTH METROPOLITAN,NON-GOVT SCHOOLS,NON-GOVERNMENT,KIN,Y12,58,12,22,24,31,34,51,90,,160,176,170,174,203,213,,1418,97,1165,24,85.35,175,130,74.29
1351,FREMANTLE CHRISTIAN COLLEGE,110 ROCKINGHAM ROAD,HAMILTON HILL,WA,6163,110 ROCKINGHAM ROAD,HAMILTON HILL,WA,6163,-32.0843654,115.7751984,08 9430 6635,SOUTH METROPOLITAN,NON-GOVT SCHOOLS,NON-GOVERNMENT,KIN,Y11,22,24,25,24,20,28,19,37,,38,50,29,28,13,,,357,85,1028,,,,,
1042,METHODIST LADIES' COLLEGE,356 STIRLING HIGHWAY,CLAREMONT,WA,6010,356 STIRLING HIGHWAY,CLAREMONT,WA,6010,-31.98701169,115.7755403,08 9384 4000,NORTH METROPOLITAN,NON-GOVT SCHOOLS,NON-GOVERNMENT,KIN,Y12,13,20,13,22,30,45,63,69,,119,123,129,118,127,128,,1019,99,1150,5,90.55,126,112,88.89
4057,CARINE SENIOR HIGH SCHOOL,51 EVERINGHAM STREET,CARINE,WA,6020,51 EVERINGHAM STREET,CARINE,WA,6020,-31.85299735,115.775848,08 9243 9100,NORTH METROPOLITAN,Senior High Schools,SECONDARY SCHOOLS,Y07,Y12,,,,,,,,,,441,427,377,285,284,201,,2015,94,1088,47,82.35,197,85,43.15
1383,MATER DEI COLLEGE,107 TREETOP AVENUE,EDGEWATER,WA,6027,107 TREETOP AVENUE,EDGEWATER,WA,6027,-31.76466034,115.7765193,08 9405 4777,NORTH METROPOLITAN,NON-GOVT SCHOOLS,NON-GOVERNMENT,Y07,Y12,,,,,,,,,,168,148,148,109,129,129,,831,90,1055,104,72.45,129,51,39.53
1041,CHRIST CHURCH GRAMMAR SCHOOL,QUEENSLEA DRIVE,CLAREMONT,WA,6010,QUEENSLEA DRIVE,CLAREMONT,WA,6010,-31.98546117,115.7769868,08 9442 1555,NORTH METROPOLITAN,NON-GOVT SCHOOLS,NON-GOVERNMENT,KIN,Y12,34,34,41,45,60,88,93,118,,202,200,199,193,189,192,,1688,100,1180,3,92.5,190,175,92.11
1468,INTERNATIONAL SCHOOL OF WESTERN AUSTRALIA,193 ST BRIGIDS TERRACE,DOUBLEVIEW,WA,6018,193 ST BRIGIDS TERRACE,DOUBLEVIEW,WA,6018,-31.8985,115.77762,08 9285 1144,NORTH METROPOLITAN,NON-GOVT SCHOOLS,NON-GOVERNMENT,KIN,Y12,17,17,25,26,16,29,11,28,,30,24,25,25,21,24,,318,99,1182,,,,,
1388,PORT SCHOOL,62 WHEELER ROAD,HAMILTON HILL,WA,6163,62 WHEELER ROAD,HAMILTON HILL,WA,6163,-32.08300587,115.7782714,08 9335 6323,SOUTH METROPOLITAN,NON-GOVT SCHOOLS,NON-GOVERNMENT,Y08,Y12,,,,,,,,,,,10,27,32,25,48,,142,Not Rated,936,,,,,
1309,ST STEPHEN'S SCHOOL,100 DOVERIDGE DRIVE,DUNCRAIG,WA,6023,100 DOVERIDGE DRIVE,DUNCRAIG,WA,6023,-31.8192748,115.7806424,08 9243 2100,NORTH METROPOLITAN,NON-GOVT SCHOOLS,NON-GOVERNMENT,KIN,Y12,141,94,98,108,111,112,123,150,,177,194,177,172,183,194,,2034,95,1118,31,84.75,194,107,55.15
1193,HALE SCHOOL,160 HALE ROAD,WEMBLEY DOWNS,WA,6019,160 HALE ROAD,WEMBLEY DOWNS,WA,6019,-31.91232249,115.7837828,08 9347 9777,NORTH METROPOLITAN,NON-GOVT SCHOOLS,NON-GOVERNMENT,PPR,Y12,,23,48,48,48,76,75,78,,184,198,210,206,206,194,,1594,99,1165,6,90.35,194,169,87.11
1249,JOHN XXIII COLLEGE,JOHN XXIII AVENUE,MOUNT CLAREMONT,WA,6010,JOHN XXIII AVENUE,MOUNT CLAREMONT,WA,6010,-31.9599189,115.7847988,08 9383 0400,NORTH METROPOLITAN,NON-GOVT SCHOOLS,NON-GOVERNMENT,KIN,Y12,83,54,55,56,56,60,60,60,,192,192,189,172,181,169,,1579,97,1170,8,89.5,168,132,78.57
1259,NEWMAN COLLEGE,216 EMPIRE AVENUE,CHURCHLANDS,WA,6018,216 EMPIRE AVENUE,CHURCHLANDS,WA,6018,-31.9231958,115.7873551,08 9204 9444,NORTH METROPOLITAN,NON-GOVT SCHOOLS,NON-GOVERNMENT,KIN,Y12,100,63,87,80,88,91,95,95,,195,193,203,191,178,172,,1831,93,1114,44,82.7,171,112,65.5
4012,CHURCHLANDS SENIOR HIGH SCHOOL,20 LUCCA STREET,CHURCHLANDS,WA,6018,20 LUCCA STREET,CHURCHLANDS,WA,6018,-31.91728978,115.7899902,08 9441 1700,NORTH METROPOLITAN,Senior High Schools,SECONDARY SCHOOLS,Y07,Y12,,,,,,,,,,417,532,490,477,461,420,,2797,98,1118,22,85.9,415,263,63.37
4122,GREENWOOD COLLEGE,79 COOLIBAH DRIVE,GREENWOOD,WA,6024,79 COOLIBAH DRIVE,GREENWOOD,WA,6024,-31.82628484,115.7914439,08 9235 4300,NORTH METROPOLITAN,Senior High Schools,SECONDARY SCHOOLS,Y07,Y12,,,,,,,,,,187,168,198,187,192,139,,1071,86,1032,86,75.75,125,46,36.8
1368,SETON CATHOLIC COLLEGE,MARCHANT ROAD,SAMSON,WA,6163,MARCHANT ROAD,SAMSON,WA,6163,-32.07269529,115.7933707,08 9331 9600,SOUTH METROPOLITAN,NON-GOVT SCHOOLS,NON-GOVERNMENT,Y07,Y12,,,,,,,,,,188,184,160,161,143,157,,993,89,1038,91,75.35,153,60,39.22
1008,SANTA MARIA COLLEGE,STONEHAM ROAD,ATTADALE,WA,6156,STONEHAM ROAD,ATTADALE,WA,6156,-32.018614,115.795823,08 6330 0200,SOUTH METROPOLITAN,NON-GOVT SCHOOLS,NON-GOVERNMENT,Y05,Y12,,,,,,,97,96,,189,189,184,188,178,176,,1297,97,1117,10,89.35,176,120,68.18
4192,JOSEPH BANKS SECONDARY COLLEGE,40 JOSEPH BANKS BOULEVARD,BANKSIA GROVE,WA,6031,40 JOSEPH BANKS BOULEVARD,BANKSIA GROVE,WA,6031,-31.69867412,115.7965911,08 9303 7400,NORTH METROPOLITAN,Senior High Schools,SECONDARY SCHOOLS,Y07,Y12,,,,,,,,,,263,257,300,273,215,205,,1513,,,92,74.95,203,51,25.12
4144,WOODVALE SECONDARY COLLEGE,110 WOODVALE DRIVE,WOODVALE,WA,6026,110 WOODVALE DRIVE,WOODVALE,WA,6026,-31.79154969,115.7994712,08 9309 0808,NORTH METROPOLITAN,Senior High Schools,SECONDARY SCHOOLS,Y07,Y12,,,,,,,,,,250,246,250,256,220,214,,1436,92,1064,77,77.65,211,100,47.39
1406,TRANBY COLLEGE,17 TRANBY DRIVE,BALDIVIS,WA,6171,17 TRANBY DRIVE,BALDIVIS,WA,6171,-32.3405703,115.8002428,08 9524 2424,SOUTH METROPOLITAN,NON-GOVT SCHOOLS,NON-GOVERNMENT,KIN,Y12,35,38,31,36,52,52,47,56,,57,56,70,63,54,64,,711,90,1066,62,80.3,64,27,42.19
4168,SHENTON COLLEGE,227 STUBBS TERRACE,SHENTON PARK,WA,6008,227 STUBBS TERRACE,SHENTON PARK,WA,6008,-31.95969986,115.803008,08 9366 9100,NORTH METROPOLITAN,Senior High Schools,SECONDARY SCHOOLS,Y07,Y12,,,,,,,,,,428,473,405,385,371,342,,2404,99,1159,14,88.6,343,246,71.72
4034,MELVILLE SENIOR HIGH SCHOOL,18 POTTS STREET,MELVILLE,WA,6156,18 POTTS STREET,MELVILLE,WA,6156,-32.04631125,115.8054613,08 6274 1300,SOUTH METROPOLITAN,Senior High Schools,SECONDARY SCHOOLS,Y07,Y12,,,,,,,,,,275,233,248,225,222,199,,1402,95,1065,61,80.35,197,92,46.7
1487,AUSTIN COVE BAPTIST COLLEGE,INLET BOULEVARD,SOUTH YUNDERUP,WA,6208,INLET BOULEVARD,SOUTH YUNDERUP,WA,6208,-32.59324476,115.8065154,08 9537 7177,SOUTH METROPOLITAN,NON-GOVT SCHOOLS,NON-GOVERNMENT,KIN,Y12,40,33,44,42,42,51,51,37,,57,60,50,45,45,40,,637,81,1015,,,,,
1186,THE MONTESSORI SCHOOL,18 MONTESSORI PLACE,KINGSLEY,WA,6026,18 MONTESSORI PLACE,KINGSLEY,WA,6026,-31.81228862,115.8077784,08 9409 9151,NORTH METROPOLITAN,NON-GOVT SCHOOLS,NON-GOVERNMENT,KIN,Y12,24,20,18,18,17,18,6,10,,3,9,2,5,2,2,,154,Not Rated,1109,,,,,
4004,BALCATTA SENIOR HIGH SCHOOL,31 POINCAIRE STREET,BALCATTA,WA,6021,31 POINCAIRE STREET,BALCATTA,WA,6021,-31.87551716,115.8122429,08 9345 8200,NORTH METROPOLITAN,Senior High Schools,SECONDARY SCHOOLS,Y07,Y12,,,,,,,,,,146,110,138,120,93,79,,686,,,135,60.4,76,20,26.32
1478,ALTA-1,12 WINTON ROAD,JOONDALUP,WA,6027,PO BOX 301,JOONDALUP DC,WA,6919,-31.78537164,115.8133126,08 9403 8200,NORTH METROPOLITAN,NON-GOVT SCHOOLS,NON-GOVERNMENT,Y08,Y12,,,,,,,,,,,346,,,636,57,,1039,,,,,,,
4059,NORTH LAKE SENIOR CAMPUS,188 WINTERFOLD ROAD,KARDINYA,WA,6163,188 WINTERFOLD ROAD,KARDINYA,WA,6163,-32.07350132,115.8137439,08 9314 0444,SOUTH METROPOLITAN,Senior Colleges,SECONDARY SCHOOLS,Y10,Y12,,,,,,,,,,,,,12,267,98,,377,Not Rated,1026,,,,,
4031,GILMORE COLLEGE,DARGIN PLACE,ORELIA,WA,6167,PO BOX 86,KWINANA,WA,6966,-32.238266,115.814803,08 6595 2700,SOUTH METROPOLITAN,Senior High Schools,SECONDARY SCHOOLS,Y07,Y12,,,,,,,,,,236,227,195,201,177,147,,1183,,,138,52.25,141,23,16.31
1466,PETER CARNLEY ANGLICAN COMMUNITY SCHOOL,386 WELLARD ROAD,WELLARD,WA,6170,386 WELLARD ROAD,WELLARD,WA,6170,-32.25710348,115.8149145,08 9439 3499,SOUTH METROPOLITAN,NON-GOVT SCHOOLS,NON-GOVERNMENT,KIN,Y12,78,59,75,74,71,77,64,71,,89,84,71,75,62,40,,990,93,1056,,,,,
4125,WANNEROO SECONDARY COLLEGE,56 QUARKUM STREET,WANNEROO,WA,6065,56 QUARKUM STREET,WANNEROO,WA,6065,-31.7578766,115.8151333,08 6401 9800,NORTH METROPOLITAN,Senior High Schools,SECONDARY SCHOOLS,Y07,Y12,,,,,,,,,,262,253,181,176,154,150,,1176,,,131,63.35,148,27,18.24
4134,WARWICK SENIOR HIGH SCHOOL,355 ERINDALE ROAD,WARWICK,WA,6024,355 ERINDALE ROAD,WARWICK,WA,6024,-31.83867535,115.8154291,08 6240 4400,NORTH METROPOLITAN,Senior High Schools,SECONDARY SCHOOLS,Y07,Y12,,,,,,,,,,144,147,116,115,104,73,,699,84,972,,,,,
1319,PERTH WALDORF SCHOOL,14 GWILLIAM DRIVE,BIBRA LAKE,WA,6163,14 GWILLIAM DRIVE,BIBRA LAKE,WA,6163,-32.09219046,115.8176585,08 9417 3638,SOUTH METROPOLITAN,NON-GOVT SCHOOLS,NON-GOVERNMENT,KIN,Y12,59,30,27,30,25,29,29,25,,54,52,54,50,34,38,,536,94,1105,,,,,
4074,DONNYBROOK DISTRICT HIGH SCHOOL,10 BENTLEY STREET,DONNYBROOK,WA,6239,10 BENTLEY STREET,DONNYBROOK,WA,6239,-33.57479874,115.8209925,08 9732 4400,SOUTH WEST,District High Schools,DISTRICT HIGH SCHOOLS,KIN,Y10,39,33,33,34,52,27,36,27,,36,39,39,32,,,,427,80,963,,,,,
1593,BOLD PARK COMMUNITY SCHOOL,61-63 POWIS STREET,WEMBLEY,WA,6014,61-63 POWIS STREET,WEMBLEY,WA,6014,-31.92384064,115.8231847,08 9387 5050,NORTH METROPOLITAN,NON-GOVT SCHOOLS,NON-GOVERNMENT,KIN,Y12,47,20,26,14,13,19,13,9,,7,12,6,13,9,5,,213,80,1116,,,,,
1203,TELETHON SPEECH & HEARING,36 DODD STREET,WEMBLEY,WA,6014,36 DODD STREET,WEMBLEY,WA,6014,-31.92384064,115.8231847,08 9387 9888,NORTH METROPOLITAN,NON-GOVT SCHOOLS,NON-GOVERNMENT,KIN,Y12,4,6,7,6,6,4,3,8,,3,1,5,3,2,7,,65,,,,,,,
1405,DIVINE MERCY COLLEGE,326 YANGEBUP ROAD,YANGEBUP,WA,6164,326 YANGEBUP ROAD,YANGEBUP,WA,6164,-32.12468637,115.8251697,08 9417 3267,SOUTH METROPOLITAN,NON-GOVT SCHOOLS,NON-GOVERNMENT,KIN,Y12,16,14,13,23,17,23,21,26,,38,41,47,38,37,47,,401,94,1056,,,,,
1437,HOPE CHRISTIAN COLLEGE,86 GOVERNMENT ROAD,ROELANDS,WA,6226,86 GOVERNMENT ROAD,ROELANDS,WA,6226,-33.29288692,115.8278834,08 9726 3613,SOUTH WEST,NON-GOVT SCHOOLS,NON-GOVERNMENT,KIN,Y12,7,19,22,24,26,25,26,26,,38,45,35,30,21,11,,355,86,1024,,,,,
4190,BALDIVIS SECONDARY COLLEGE,STILLWATER DRIVE,BALDIVIS,WA,6171,PO BOX 4119,BALDIVIS,WA,6171,-32.334099,115.828418,08 9523 3600,SOUTH METROPOLITAN,Senior High Schools,SECONDARY SCHOOLS,Y07,Y12,,,,,,,,,,214,222,355,350,311,205,,1657,79,987,134,60.45,205,41,20
1396,KENNEDY BAPTIST COLLEGE,FARRINGTON ROAD,MURDOCH,WA,6150,FARRINGTON ROAD,MURDOCH,WA,6150,-32.073356,115.829647,08 9314 7722,SOUTH METROPOLITAN,NON-GOVT SCHOOLS,NON-GOVERNMENT,Y07,Y12,,,,,,,,,,208,213,200,183,185,171,,1160,95,1097,12,88.95,167,84,50.3
1178,SERVITE COLLEGE,134 CAPE STREET,TUART HILL,WA,6060,134 CAPE STREET,TUART HILL,WA,6060,-31.90270449,115.8336415,08 9444 6333,NORTH METROPOLITAN,NON-GOVT SCHOOLS,NON-GOVERNMENT,Y07,Y12,,,,,,,,,,192,162,182,161,157,155,,1009,89,1032,65,80,152,67,44.08
4002,APPLECROSS SENIOR HIGH SCHOOL,LINKS ROAD,ARDROSS,WA,6153,LINKS ROAD,ARDROSS,WA,6153,-32.029376,115.83509,08 9314 9393,SOUTH METROPOLITAN,Senior High Schools,SECONDARY SCHOOLS,Y07,Y12,,,,,,,,,,283,319,270,263,294,236,,1665,98,1111,34,84.3,234,145,61.97
4042,PERTH MODERN SCHOOL,90 ROBERTS ROAD,SUBIACO,WA,6008,90 ROBERTS ROAD,SUBIACO,WA,6008,-31.94506602,115.8363958,08 9392 6855,NORTH METROPOLITAN,Senior High Schools,SECONDARY SCHOOLS,Y07,Y12,,,,,,,,,,226,222,237,255,246,242,,1428,100,1239,1,97.55,242,242,100
1312,KINGSWAY CHRISTIAN COLLEGE,157 KINGSWAY,DARCH,WA,6065,157 KINGSWAY,DARCH,WA,6065,-31.81156717,115.8374044,08 9302 8777,NORTH METROPOLITAN,NON-GOVT SCHOOLS,NON-GOVERNMENT,KIN,Y12,74,77,84,80,85,90,95,91,,119,111,123,120,125,102,,1376,,,50,81.65,102,77,75.49
1333,THE KING'S COLLEGE,170 BERTRAM ROAD,WELLARD,WA,6170,170 BERTRAM ROAD,WELLARD,WA,6170,-32.25439916,115.839073,08 9411 4100,SOUTH METROPOLITAN,NON-GOVT SCHOOLS,NON-GOVERNMENT,KIN,Y12,47,34,24,36,35,32,32,24,,80,84,67,40,22,32,,589,81,1025,,,,,
1432,EMMANUEL CATHOLIC COLLEGE,122 HAMMOND ROAD,SUCCESS,WA,6164,122 HAMMOND ROAD,SUCCESS,WA,6164,-32.12857818,115.8400696,08 9414 4000,SOUTH METROPOLITAN,NON-GOVT SCHOOLS,NON-GOVERNMENT,Y07,Y12,,,,,,,,,,194,211,200,171,160,162,,1098,90,1036,58,80.8,162,43,26.54
1529,HAVENPORT MSL COLLEGE,1 TICHBORNE STREET,COCKBURN CENTRAL,WA,6164,1 TICHBORNE STREET,COCKBURN CENTRAL,WA,6164,-32.121531,115.84047,08 6189 3521,SOUTH METROPOLITAN,NON-GOVT SCHOOLS,NON-GOVERNMENT,Y03,Y10,,,,,1,3,4,5,,4,5,1,1,,,,24,,,,,,,
4181,ASHDALE SECONDARY COLLEGE,75 WESTPORT PARADE,DARCH,WA,6065,75 WESTPORT PARADE,DARCH,WA,6065,-31.81162275,115.8414952,08 9302 7100,NORTH METROPOLITAN,Senior High Schools,SECONDARY SCHOOLS,Y07,Y12,,,,,,,,,,355,326,275,287,267,220,,1730,,,75,78.65,218,84,38.53
4110,GIRRAWHEEN SENIOR HIGH SCHOOL,39 CALVERT WAY,GIRRAWHEEN,WA,6064,39 CALVERT WAY,GIRRAWHEEN,WA,6064,-31.83648977,115.8418703,08 9247 0555,NORTH METROPOLITAN,Senior High Schools,SECONDARY SCHOOLS,Y07,Y12,,,,,,,,,,74,83,76,83,63,57,,436,75,907,,,,,
4141,SCHOOL OF ISOLATED AND DISTANCE EDUCATION,164-194 OXFORD STREET,LEEDERVILLE,WA,6007,PO BOX 455,LEEDERVILLE,WA,6903,-31.93553952,115.8419534,08 9311 1400,NORTH METROPOLITAN,Distance Education,K-12 SCHOOLS,KIN,Y12,2,9,11,13,13,9,15,20,,21,30,48,49,82,82,,404,,,,,,,
1299,CORPUS CHRISTI COLLEGE,MURDOCH DRIVE,BATEMAN,WA,6150,MURDOCH DRIVE,BATEMAN,WA,6150,-32.05699614,115.8429056,08 6332 2500,SOUTH METROPOLITAN,NON-GOVT SCHOOLS,NON-GOVERNMENT,Y07,Y12,,,,,,,,,,236,188,210,196,228,228,,1286,95,1098,28,84.95,228,140,61.4
1100,ARANMORE CATHOLIC COLLEGE,41 FRANKLIN STREET,LEEDERVILLE,WA,6007,41 FRANKLIN STREET,LEEDERVILLE,WA,6007,-31.92706854,115.8431695,08 9201 5200,NORTH METROPOLITAN,NON-GOVT SCHOOLS,NON-GOVERNMENT,Y07,Y12,,,,,,,,,,92,113,114,132,131,128,,710,83,991,106,71.95,106,47,44.34
4150,LAKELAND SENIOR HIGH SCHOOL,106 SOUTH LAKE DRIVE,SOUTH LAKE,WA,6164,106 SOUTH LAKE DRIVE,SOUTH LAKE,WA,6164,-32.10905514,115.8459137,08 6172 2200,SOUTH METROPOLITAN,Senior High Schools,SECONDARY SCHOOLS,Y07,Y12,,,,,,,,,,108,97,99,103,87,87,,581,78,951,,,,,
4050,BALGA SENIOR HIGH SCHOOL,2 MARKHAM WAY,BALGA,WA,6061,2 MARKHAM WAY,BALGA,WA,6061,-31.85134146,115.8465042,08 9247 0222,NORTH METROPOLITAN,Senior High Schools,SECONDARY SCHOOLS,Y07,Y12,,,,,,,,,,87,77,109,118,97,83,,571,74,881,,,,,
1288,EMMANUEL CHRISTIAN COMMUNITY SCHOOL,3 SALCOTT ROAD,GIRRAWHEEN,WA,6064,3 SALCOTT ROAD,GIRRAWHEEN,WA,6064,-31.84620429,115.8482622,08 9342 7377,NORTH METROPOLITAN,NON-GOVT SCHOOLS,NON-GOVERNMENT,KIN,Y12,54,60,50,60,61,56,48,63,,47,46,36,35,41,16,,673,90,980,,,,,
4036,DIANELLA SECONDARY COLLEGE,180 NOLLAMARA AVENUE,DIANELLA,WA,6059,180 NOLLAMARA AVENUE,DIANELLA,WA,6059,-31.87818209,115.8549027,08 9345 9200,NORTH METROPOLITAN,Senior High Schools,SECONDARY SCHOOLS,Y07,Y12,,,,,,,,,,113,103,93,75,96,70,,550,,,,,,,
4143,LEEMING SENIOR HIGH SCHOOL,AULBERRY PARADE,LEEMING,WA,6149,AULBERRY PARADE,LEEMING,WA,6149,-32.07467304,115.8564902,08 9237 6800 ,SOUTH METROPOLITAN,Senior High Schools,SECONDARY SCHOOLS,Y07,Y12,,,,,,,,,,202,193,184,202,166,144,,1091,98,1071,89,75.6,147,65,44.22
1378,JOHN SEPTIMUS ROE ANGLICAN COMMUNITY SCHOOL,2 BOYARE AVENUE,MIRRABOOKA,WA,6061,2 BOYARE AVENUE,MIRRABOOKA,WA,6061,-31.85936631,115.8567055,08 9247 2242,NORTH METROPOLITAN,NON-GOVT SCHOOLS,NON-GOVERNMENT,KIN,Y12,102,82,81,80,93,98,100,115,,176,154,163,160,155,168,,1727,93,1070,35,84,167,84,50.3
1440,ST GEORGE'S ANGLICAN GRAMMAR SCHOOL,50 WILLIAM STREET,PERTH,WA,6000,50 WILLIAM STREET,PERTH,WA,6000,-31.95409073,115.8570957,08 9312 0800,NORTH METROPOLITAN,NON-GOVT SCHOOLS,NON-GOVERNMENT,Y07,Y12,,,,,,,,,,59,64,63,81,53,50,,370,98,1148,,,,,
1221,MERCY COLLEGE,CNR BEACH ROAD/MIRRABOOKA AVENUE,KOONDOOLA,WA,6064,CNR BEACH ROAD/MIRRABOOKA AVENUE,KOONDOOLA,WA,6064,-31.84725114,115.8575544,08 9247 9247,NORTH METROPOLITAN,NON-GOVT SCHOOLS,NON-GOVERNMENT,KIN,Y12,60,60,61,61,61,64,64,65,,210,180,195,175,192,172,,1620,90,1010,46,82.5,166,57,34.34
1107,AQUINAS COLLEGE,58 MT HENRY ROAD,SALTER POINT,WA,6152,58 MT HENRY ROAD,SALTER POINT,WA,6152,-32.02617519,115.8617538,08 9450 0600,SOUTH METROPOLITAN,NON-GOVT SCHOOLS,NON-GOVERNMENT,KIN,Y12,11,11,22,17,31,40,65,67,,158,185,175,182,174,174,,1312,96,1023,23,85.85,174,108,62.07
1231,CARMEL SCHOOL,123 CRESSWELL ROAD,DIANELLA,WA,6059,123 CRESSWELL ROAD,DIANELLA,WA,6059,-31.89910743,115.8620749,08 9276 1644,NORTH METROPOLITAN,NON-GOVT SCHOOLS,NON-GOVERNMENT,KIN,Y12,28,40,33,35,33,26,44,30,,30,35,45,24,40,33,,476,97,1137,13,88.85,33,32,96.97
4184,ATWELL COLLEGE,201 BRENCHLEY DRIVE,ATWELL,WA,6164,201 BRENCHLEY DRIVE,ATWELL,WA,6164,-32.14395682,115.8641462,08 6174 2200,SOUTH METROPOLITAN,Senior High Schools,SECONDARY SCHOOLS,Y07,Y12,,,,,,,,,,194,302,243,265,231,183,,1418,83,1012,129,64.05,170,49,28.82
1154,WESLEY COLLEGE,40 COODE STREET,SOUTH PERTH,WA,6151,40 COODE STREET,SOUTH PERTH,WA,6151,-31.97995555,115.865934,08 9368 8000,SOUTH METROPOLITAN,NON-GOVT SCHOOLS,NON-GOVERNMENT,KIN,Y12,77,42,51,49,49,66,68,72,,129,110,105,141,140,145,,1244,98,1143,37,83.9,144,119,82.64
1277,ALL SAINTS' COLLEGE,28 EWING AVENUE,BULL CREEK,WA,6149,28 EWING AVENUE,BULL CREEK,WA,6149,-32.04946998,115.867023,08 9313 9333,SOUTH METROPOLITAN,NON-GOVT SCHOOLS,NON-GOVERNMENT,KIN,Y12,97,46,50,49,49,59,88,87,,125,139,125,151,143,146,,1354,99,1154,21,86.35,146,120,82.19
1149,MERCEDES COLLEGE,VICTORIA SQUARE,PERTH,WA,6000,VICTORIA SQUARE,PERTH,WA,6000,-31.95623304,115.8670832,08 9323 1323,NORTH METROPOLITAN,NON-GOVT SCHOOLS,NON-GOVERNMENT,Y07,Y12,,,,,,,,,,138,158,133,147,123,139,,838,96,1116,15,88.55,139,101,72.66
1343,LANDSDALE CHRISTIAN SCHOOL,77 QUEENSWAY ROAD,LANDSDALE,WA,6065,77 QUEENSWAY ROAD,LANDSDALE,WA,6065,-31.80678912,115.8671747,08 9309 1830,NORTH METROPOLITAN,NON-GOVT SCHOOLS,NON-GOVERNMENT,KIN,Y12,19,11,12,10,5,3,7,12,,14,17,15,13,10,4,,152,,,,,,,
4038,MOUNT LAWLEY SENIOR HIGH SCHOOL,65 WOODSOME STREET,MOUNT LAWLEY,WA,6050,65 WOODSOME STREET,MOUNT LAWLEY,WA,6050,-31.92122258,115.8697493,08 9265 1500,NORTH METROPOLITAN,Senior High Schools,SECONDARY SCHOOLS,Y07,Y12,,,,,,,,,,334,385,344,311,283,239,,1896,97,1101,20,86.45,234,152,64.96
4048,ROSSMOYNE SENIOR HIGH SCHOOL,1 KEITH ROAD,ROSSMOYNE,WA,6148,1 KEITH ROAD,ROSSMOYNE,WA,6148,-32.04626472,115.8705457,08 9235 1600,SOUTH METROPOLITAN,Senior High Schools,SECONDARY SCHOOLS,Y07,Y12,,,,,,,,,,394,422,385,379,357,374,,2311,100,1121,16,88.4,368,274,74.46
4049,COMO SECONDARY COLLEGE,20 BRUCE STREET,COMO,WA,6152,20 BRUCE STREET,COMO,WA,6152,-32.00366439,115.8711551,08 9365 2000,SOUTH METROPOLITAN,Senior High Schools,SECONDARY SCHOOLS,Y07,Y12,,,,,,,,,,169,163,148,123,131,133,,867,95,1074,87,75.7,126,77,61.11
1152,PENRHOS COLLEGE,6 MORRISON STREET,COMO,WA,6152,6 MORRISON STREET,COMO,WA,6152,-31.99743072,115.8725394,08 9368 9508,SOUTH METROPOLITAN,NON-GOVT SCHOOLS,NON-GOVERNMENT,KIN,Y12,22,22,24,31,23,48,48,61,,117,133,114,98,110,135,,986,97,1051,4,90.65,135,116,85.93
4043,PINJARRA SENIOR HIGH SCHOOL,16 MCLARTY ROAD,PINJARRA,WA,6208,PO BOX 353,PINJARRA,WA,6208,-32.63343063,115.8726662,08 9531 7000,SOUTH METROPOLITAN,Senior High Schools,SECONDARY SCHOOLS,Y07,Y12,,,,,,,,,,155,156,132,121,106,76,,746,77,963,,,,,
1374,ST ANDREW'S GRAMMAR,2 HELLENIC DRIVE,DIANELLA,WA,6059,2 HELLENIC DRIVE,DIANELLA,WA,6059,-31.87118268,115.8741054,08 9376 5850,NORTH METROPOLITAN,NON-GOVT SCHOOLS,NON-GOVERNMENT,KIN,Y12,35,30,36,29,52,27,42,24,,45,46,35,27,21,26,,475,97,1078,,,,,
1391,AUSTRALIAN ISLAMIC COLLEGE - NORTH OF THE RIVER,81 CLEVELAND STREET,DIANELLA,WA,6059,81 CLEVELAND STREET,DIANELLA,WA,6059,-31.90293601,115.8744467,08 9375 9770,NORTH METROPOLITAN,NON-GOVT SCHOOLS,NON-GOVERNMENT,KIN,Y10,50,78,81,82,91,86,75,82,,75,40,30,22,,,,792,,,,,,,
1125,PERTH COLLEGE,31 LAWLEY CRESCENT,MOUNT LAWLEY,WA,6050,31 LAWLEY CRESCENT,MOUNT LAWLEY,WA,6050,-31.93117853,115.8754809,08 9471 2100,NORTH METROPOLITAN,NON-GOVT SCHOOLS,NON-GOVERNMENT,KIN,Y12,39,16,19,26,32,27,48,65,,108,140,132,111,136,129,,1028,99,1153,9,89.4,129,116,89.92
4126,WILLETTON SENIOR HIGH SCHOOL,PINETREE GULLY ROAD,WILLETTON,WA,6155,PINETREE GULLY ROAD,WILLETTON,WA,6155,-32.06131317,115.8792246,08 9334 7200,SOUTH METROPOLITAN,Senior High Schools,SECONDARY SCHOOLS,Y07,Y12,,,,,,,,,,448,451,425,410,409,396,,2539,99,1117,18,87.75,393,277,70.48
4204,WESTERN AUSTRALIAN COLLEGE OF AGRICULTURE - HARVEY,MORNINGTON ROAD,WOKALUP,WA,6221,PO BOX 496,HARVEY,WA,6220,-33.14579679,115.8794784,08 9782 2100,SOUTH WEST,Agricultural Colleges,SECONDARY SCHOOLS,Y10,Y12,,,,,,,,,,,,,50,71,47,,168,,,,,,,
1151,TRINITY COLLEGE,2 TRINITY AVENUE,EAST PERTH,WA,6004,2 TRINITY AVENUE,EAST PERTH,WA,6004,-31.96013472,115.8825766,08 9223 8133,NORTH METROPOLITAN,NON-GOVT SCHOOLS,NON-GOVERNMENT,Y04,Y12,,,,,,44,88,100,,176,180,168,146,178,136,,1216,96,1113,43,82.85,136,90,66.18
4051,MORLEY SENIOR HIGH SCHOOL,19-43 BRAMWELL ROAD,NORANDA,WA,6062,19-43 BRAMWELL ROAD,NORANDA,WA,6062,-31.8737169,115.8836692,08 9376 5555,NORTH METROPOLITAN,Senior High Schools,SECONDARY SCHOOLS,Y07,Y12,,,,,,,,,,178,178,174,177,184,167,,1058,88,1009,100,73.7,161,71,44.1
4029,KENT STREET SENIOR HIGH SCHOOL,89 KENT STREET,EAST VICTORIA PARK,WA,6101,89 KENT STREET,EAST VICTORIA PARK,WA,6101,-31.98570399,115.8926602,08 9262 0500,SOUTH METROPOLITAN,Senior High Schools,SECONDARY SCHOOLS,Y07,Y12,,,,,,,,,,170,225,176,164,146,146,,1027,87,1023,93,74.65,134,45,33.58
1045,CLONTARF ABORIGINAL COLLEGE,295 MANNING ROAD,WATERFORD,WA,6152,295 MANNING ROAD,WATERFORD,WA,6152,-32.01565323,115.8929678,08 9251 0666,SOUTH METROPOLITAN,NON-GOVT SCHOOLS,NON-GOVERNMENT,Y07,Y12,,,,,,,,,,26,21,31,36,34,29,,177,72,696,,,,,
4067,CARNAMAH DISTRICT HIGH SCHOOL,48 MCPHERSON STREET,CARNAMAH,WA,6517,48 MCPHERSON STREET,CARNAMAH,WA,6517,-29.68727976,115.893099,08 9951 1266,MIDWEST,District High Schools,DISTRICT HIGH SCHOOLS,KIN,Y12,2,7,5,6,10,5,4,5,,10,9,6,10,1,6,,86,77,958,,,,,
4158,BALLAJURA COMMUNITY COLLEGE,ILLAWARRA CRESCENT SOUTH,BALLAJURA,WA,6066,ILLAWARRA CRESCENT SOUTH,BALLAJURA,WA,6066,-31.84474671,115.8934345,08 9262 7777,NORTH METROPOLITAN,Senior High Schools,SECONDARY SCHOOLS,Y07,Y12,,,,,,,,,,215,195,179,208,196,223,,1216,85,977,133,62.5,221,80,36.2
4500,CANNING COLLEGE,MARQUIS STREET,BENTLEY,WA,6102,PO BOX 1148,BENTLEY DC,WA,6983,-32.00942925,115.8971202,08 9278 3500,SOUTH METROPOLITAN,Senior Colleges,SECONDARY SCHOOLS,Y10,Y12,,,,,,,,,,,,,13,37,101,61,212,Not Rated,,,,,,
1316,PERTH INDIVIDUAL,150 BURSWOOD ROAD,BURSWOOD,WA,6100,150 BURSWOOD ROAD,BURSWOOD,WA,6100,-31.96552356,115.8978344,08 9362 3186,SOUTH METROPOLITAN,NON-GOVT SCHOOLS,NON-GOVERNMENT,KIN,Y11,19,6,14,9,9,7,8,5,,3,,4,8,3,,,95,,,,,,,
1369,URSULA FRAYNE CATHOLIC COLLEGE,15 DUNCAN STREET,VICTORIA PARK,WA,6100,15 DUNCAN STREET,VICTORIA PARK,WA,6100,-31.97297817,115.8990335,08 9470 0900,SOUTH METROPOLITAN,NON-GOVT SCHOOLS,NON-GOVERNMENT,KIN,Y12,60,60,60,60,60,64,63,96,,163,158,161,128,157,116,,1406,95,1097,41,83.15,115,82,71.3
1085,CHISHOLM CATHOLIC COLLEGE,1104 BEAUFORT STREET,BEDFORD,WA,6052,1104 BEAUFORT STREET,BEDFORD,WA,6052,-31.91151257,115.9005647,08 9208 2500,NORTH METROPOLITAN,NON-GOVT SCHOOLS,NON-GOVERNMENT,Y07,Y12,,,,,,,,,,305,295,293,288,258,236,,1675,96,1070,29,84.8,234,126,53.85
4026,JOHN FORREST SECONDARY COLLEGE,180 DRAKE STREET,MORLEY,WA,6062,180 DRAKE STREET,MORLEY,WA,6062,-31.90416352,115.90089,08 9473 4000,NORTH METROPOLITAN,Senior High Schools,SECONDARY SCHOOLS,Y07,Y12,,,,,,,,,,201,194,187,178,189,165,,1114,91,1025,74,78.7,161,52,32.3
1448,ONESCHOOL GLOBAL WA,8 WOODTHORPE DRIVE,WILLETTON,WA,6155,8 WOODTHORPE DRIVE,WILLETTON,WA,6155,-32.05654231,115.9017197,08 6250 2000,SOUTH METROPOLITAN,NON-GOVT SCHOOLS,NON-GOVERNMENT,Y03,Y12,,,,,30,23,15,15,,29,18,22,32,39,27,,250,,,,,,,
4023,HARVEY SENIOR HIGH SCHOOL,51 SOUTH WEST HIGHWAY,HARVEY,WA,6220,51 SOUTH WEST HIGHWAY,HARVEY,WA,6220,-33.08407299,115.9079627,08 9782 3800,SOUTH WEST,Senior High Schools,SECONDARY SCHOOLS,Y07,Y12,,,,,,,,,,39,45,43,34,30,18,,209,75,935,,,,,
1099,ST CLARE'S SCHOOL,14-16 MCCARTNEY CRESCENT,LATHLAIN,WA,6100,14-16 MCCARTNEY CRESCENT,LATHLAIN,WA,6100,-31.9711354,115.9086158,08 9366 7500,SOUTH METROPOLITAN,NON-GOVT SCHOOLS,NON-GOVERNMENT,Y08,Y12,,,,,,,,,,,3,5,9,10,13,,40,Not Rated,960,,,,,
4135,GINGIN DISTRICT HIGH SCHOOL,1 DAW STREET,GINGIN,WA,6503,1 DAW STREET,GINGIN,WA,6503,-31.34427642,115.9123687,08 9575 5300,NORTH METROPOLITAN,District High Schools,DISTRICT HIGH SCHOOLS,KIN,Y10,21,22,28,22,17,21,24,19,,24,14,23,26,,,,261,80,967,,,,,
4113,LYNWOOD SENIOR HIGH SCHOOL,436 METCALFE ROAD,PARKWOOD,WA,6147,436 METCALFE ROAD,PARKWOOD,WA,6147,-32.04190909,115.9161296,08 9354 0600,SOUTH METROPOLITAN,Senior High Schools,SECONDARY SCHOOLS,Y07,Y12,,,,,,,,,,222,231,197,189,341,237,,1417,86,980,96,74.35,228,48,21.05
1470,FOUNTAIN COLLEGE,12 KARRI WAY,FERNDALE,WA,6148,12 KARRI WAY,FERNDALE,WA,6148,-32.03648539,115.9200109,08 9458 3555,SOUTH METROPOLITAN,NON-GOVT SCHOOLS,NON-GOVERNMENT,KIN,Y12,26,21,19,34,28,21,27,28,,46,34,29,27,29,11,,380,87,985,,,,,
4174,CANNING VALE COLLEGE,26 DUMBARTON ROAD,CANNING VALE,WA,6155,26 DUMBARTON ROAD,CANNING VALE,WA,6155,-32.08291838,115.9227838,08 9334 9000,SOUTH METROPOLITAN,Senior High Schools,SECONDARY SCHOOLS,Y07,Y12,,,,,,,,,,233,208,247,274,278,219,,1459,91,1030,68,79.8,207,82,39.61
4022,HAMPTON SENIOR HIGH SCHOOL,MORLEY DRIVE EAST,MORLEY,WA,6062,PO BOX 590,MORLEY,WA,6943,-31.89085713,115.92693,08 6235 7100,NORTH METROPOLITAN,Senior High Schools,SECONDARY SCHOOLS,Y07,Y12,,,,,,,,,,177,144,162,142,101,95,,821,83,979,117,67.15,93,24,25.81
4103,WAROONA DISTRICT HIGH SCHOOL,55 MILLAR STREET,WAROONA,WA,6215,PO BOX 220,WAROONA,WA,6215,-32.84501404,115.9294134,08 9782 7000,SOUTH METROPOLITAN,District High Schools,DISTRICT HIGH SCHOOLS,KIN,Y10,17,21,25,20,19,19,22,19,,26,16,20,26,,,,250,76,893,,,,,
1441,AUSTRALIAN ISLAMIC COLLEGE - KEWDALE,139 PRESIDENT STREET,KEWDALE,WA,6105,139 PRESIDENT STREET,KEWDALE,WA,6105,-31.97999061,115.9325273,08 9362 5340,SOUTH METROPOLITAN,NON-GOVT SCHOOLS,NON-GOVERNMENT,KIN,Y12,50,59,82,88,108,111,110,91,,208,193,189,159,148,133,,1729,93,985,102,72.55,131,83,63.36
4005,BELMONT CITY COLLEGE,106 FISHER STREET,BELMONT,WA,6104,106 FISHER STREET,BELMONT,WA,6104,-31.95889136,115.9344344,08 9473 9800,SOUTH METROPOLITAN,Senior High Schools,SECONDARY SCHOOLS,Y07,Y12,,,,,,,,,,174,155,163,170,147,99,,908,82,968,57,80.85,97,26,26.8
4198,HARRISDALE SENIOR HIGH SCHOOL,1 LAVERTON CRESCENT,HARRISDALE,WA,6112,1 LAVERTON CRESCENT,HARRISDALE,WA,6112,-32.127736,115.934521,08 9397 8000,SOUTH METROPOLITAN,Senior High Schools,SECONDARY SCHOOLS,Y07,Y10,,,,,,,,,,369,341,295,253,,,,1258,91,1041,,,,,
4112,KIARA COLLEGE,368 BENARA ROAD,KIARA,WA,6054,368 BENARA ROAD,KIARA,WA,6054,-31.87744952,115.9350998,08 6235 7000,NORTH METROPOLITAN,Senior High Schools,SECONDARY SCHOOLS,Y07,Y12,,,,,,,,,,107,95,92,97,52,44,,487,75,848,,,,,
1415,CAREY BAPTIST COLLEGE,51 WRIGHT ROAD,HARRISDALE,WA,6112,51 WRIGHT ROAD,HARRISDALE,WA,6112,-32.11159158,115.9355423,08 9394 9111,SOUTH METROPOLITAN,NON-GOVT SCHOOLS,NON-GOVERNMENT,KIN,Y12,76,81,77,76,79,78,76,84,,148,139,136,129,136,114,,1429,94,1097,62,80.3,114,69,60.53
1314,PROVIDENCE CHRISTIAN COLLEGE,19 FURLEY ROAD,SOUTHERN RIVER,WA,6110,19 FURLEY ROAD,SOUTHERN RIVER,WA,6110,-32.09974606,115.9366941,08 9455 1607,SOUTH METROPOLITAN,NON-GOVT SCHOOLS,NON-GOVERNMENT,KIN,Y12,50,45,57,58,59,60,60,60,,66,57,54,85,70,57,,838,94,1090,38,83.85,57,35,61.4
4169,CANNINGTON COMMUNITY COLLEGE,147 WHARF STREET,CANNINGTON,WA,6107,147 WHARF STREET,CANNINGTON,WA,6107,-32.013947,115.9370814,08 9351 2400,SOUTH METROPOLITAN,District High Schools,DISTRICT HIGH SCHOOLS,KIN,Y10,40,41,31,32,32,37,35,40,,124,111,118,116,,,,757,75,959,,,,,
1463,LANGFORD ISLAMIC COLLEGE,57 SOUTHGATE ROAD,LANGFORD,WA,6147,57 SOUTHGATE ROAD,LANGFORD,WA,6147,-32.04605574,115.9371583,08 9458 5206,SOUTH METROPOLITAN,NON-GOVT SCHOOLS,NON-GOVERNMENT,KIN,Y12,80,77,93,94,87,91,88,78,,78,70,70,53,47,37,,1043,99,1098,85,75.9,37,26,70.27
1162,ST NORBERT COLLEGE,135 TREASURE ROAD,QUEENS PARK,WA,6107,135 TREASURE ROAD,QUEENS PARK,WA,6107,-32.00436432,115.9403443,08 9350 5433,SOUTH METROPOLITAN,NON-GOVT SCHOOLS,NON-GOVERNMENT,Y07,Y12,,,,,,,,,,161,161,162,151,141,137,,913,92,1044,42,83,136,43,31.62
4165,SEVENOAKS SENIOR COLLEGE,275 SEVENOAKS STREET,CANNINGTON,WA,6107,275 SEVENOAKS STREET,CANNINGTON,WA,6107,-32.01247925,115.9423052,08 6235 7200,SOUTH METROPOLITAN,Senior Colleges,SECONDARY SCHOOLS,Y11,Y12,,,,,,,,,,,,,,282,163,,445,Not Rated,976,114,68.95,160,38,23.75
4015,CYRIL JACKSON SENIOR CAMPUS,53 REID STREET,BASSENDEAN,WA,6054,PO BOX 108,BASSENDEAN,WA,6934,-31.91290966,115.9424646,08 9413 4700,NORTH METROPOLITAN,Senior Colleges,SECONDARY SCHOOLS,Y11,Y12,,,,,,,,,,,,,,279,124,,403,Not Rated,985,,,,,
1518,FAIRBRIDGE COLLEGE,"FAIRBRIDGE VILLAGE, SOUTH WEST HIGHWAY",PINJARRA,WA,6208,"FAIRBRIDGE VILLAGE, SOUTH WEST HIGHWAY",PINJARRA,WA,6208,-32.60549898,115.9465216,08 9531 7932,SOUTH METROPOLITAN,NON-GOVT SCHOOLS,NON-GOVERNMENT,Y07,Y12,,,,,,,,,,10,20,30,29,27,35,,151,Not Rated,965,,,,,
1424,ELLENBROOK CHRISTIAN COLLEGE,5 SANTONA BOULEVARD,ELLENBROOK,WA,6069,5 SANTONA BOULEVARD,ELLENBROOK,WA,6069,-31.786783,115.959178,08 9297 9297,NORTH METROPOLITAN,NON-GOVT SCHOOLS,NON-GOVERNMENT,KIN,Y12,65,32,29,28,30,20,29,27,,43,45,38,54,49,43,,532,92,1043,88,75.65,43,22,51.16
4055,THORNLIE SENIOR HIGH SCHOOL,2 OVENS ROAD,THORNLIE,WA,6108,2 OVENS ROAD,THORNLIE,WA,6108,-32.06627622,115.959641,08 9376 2100,SOUTH METROPOLITAN,Senior High Schools,SECONDARY SCHOOLS,Y07,Y12,,,,,,,,,,214,214,178,200,202,156,,1164,81,976,125,65.35,146,26,17.81
4177,ELLENBROOK SECONDARY COLLEGE,100 MAIN STREET,ELLENBROOK,WA,6069,100 MAIN STREET,ELLENBROOK,WA,6069,-31.78554916,115.9642807,08 9297 9700,NORTH METROPOLITAN,Senior High Schools,SECONDARY SCHOOLS,Y07,Y12,,,,,,,,,,215,176,200,327,302,224,,1444,82,986,119,66.25,218,42,19.27
1496,COMMUNICARE ACADEMY,11-13 ROYAL STREET,KENWICK,WA,6107,11-13 ROYAL STREET,KENWICK,WA,6107,-32.03746429,115.9676942,08 6350 1872,SOUTH METROPOLITAN,NON-GOVT SCHOOLS,NON-GOVERNMENT,Y07,Y12,,,,,,,,,,9,15,15,20,19,6,,84,74,898,,,,,
1450,HOLY CROSS COLLEGE,18 STRATHMORE PARKWAY,ELLENBROOK,WA,6069,18 STRATHMORE PARKWAY,ELLENBROOK,WA,6069,-31.773097,115.973832,08 9297 7600,NORTH METROPOLITAN,NON-GOVT SCHOOLS,NON-GOVERNMENT,KIN,Y12,87,60,61,59,59,64,63,63,,108,108,113,90,101,85,,1121,88,1043,98,74.2,83,37,44.58
1252,REHOBOTH CHRISTIAN COLLEGE,94 KENWICK ROAD,KENWICK,WA,6107,94 KENWICK ROAD,KENWICK,WA,6107,-32.03161911,115.977924,08 9452 1833,SOUTH METROPOLITAN,NON-GOVT SCHOOLS,NON-GOVERNMENT,KIN,Y12,71,67,61,74,52,55,56,66,,71,55,55,50,34,36,,803,98,1114,,,,,
4121,SOUTHERN RIVER COLLEGE,SOUTHERN RIVER ROAD,GOSNELLS,WA,6110,SOUTHERN RIVER ROAD,GOSNELLS,WA,6110,-32.08559751,115.979918,08 9495 3200,SOUTH METROPOLITAN,Senior High Schools,SECONDARY SCHOOLS,Y07,Y12,,,,,,,,,,202,166,159,156,138,116,,937,75,937,121,66,113,23,20.35
1074,GUILDFORD GRAMMAR SCHOOL,11 TERRACE ROAD,GUILDFORD,WA,6055,11 TERRACE ROAD,GUILDFORD,WA,6055,-31.894036,115.981892,08 9377 9222,NORTH METROPOLITAN,NON-GOVT SCHOOLS,NON-GOVERNMENT,KIN,Y12,38,37,41,32,46,59,60,58,,112,124,127,118,142,107,,1101,,,52,81.35,107,81,75.7
1499,ST FRANCIS' SCHOOL,10 ALLOA ROAD,MADDINGTON,WA,6109,10 ALLOA ROAD,MADDINGTON,WA,6109,-32.04608954,115.9843375,08 9262 4421,SOUTH METROPOLITAN,NON-GOVT SCHOOLS,NON-GOVERNMENT,Y10,Y12,,,,,,,,,,,,,9,13,13,,35,Not Rated,962,,,,,
1464,SWAN VALLEY ANGLICAN COMMUNITY SCHOOL,SWANLEIGH PARADE,AVELEY,WA,6069,SWANLEIGH PARADE,AVELEY,WA,6069,-31.79434482,115.9854516,08 9297 9506,NORTH METROPOLITAN,NON-GOVT SCHOOLS,NON-GOVERNMENT,KIN,Y12,91,53,67,60,64,85,71,78,,116,110,86,100,84,83,,1148,90,1045,53,81.25,82,41,50
4020,GOVERNOR STIRLING SENIOR HIGH SCHOOL,25 THIRD AVENUE,WOODBRIDGE,WA,6056,25 THIRD AVENUE,WOODBRIDGE,WA,6056,-31.88893826,115.9888056,08 6274 0300,NORTH METROPOLITAN,Senior High Schools,SECONDARY SCHOOLS,Y07,Y12,,,,,,,,,,181,187,152,137,144,118,,919,83,974,130,63.8,116,50,43.1
1465,COURT GRAMMAR SCHOOL,1 BISHOP ROAD,MUNDIJONG,WA,6123,1 BISHOP ROAD,MUNDIJONG,WA,6123,-32.26965841,115.9912806,08 9526 5000,SOUTH METROPOLITAN,NON-GOVT SCHOOLS,NON-GOVERNMENT,KIN,Y12,88,46,44,37,38,33,48,52,,74,72,65,52,40,32,,721,,,,,,,
4132,CECIL ANDREWS COLLEGE,39 SEVILLE DRIVE,ARMADALE,WA,6112,PO BOX 295,ARMADALE,WA,6992,-32.14118727,115.9918834,08 9234 3400,SOUTH METROPOLITAN,Senior High Schools,SECONDARY SCHOOLS,Y07,Y12,,,,,,,,,,186,150,157,118,99,78,,788,74,898,139,49.85,77,20,25.97
1306,DALE CHRISTIAN SCHOOL,150 FORREST ROAD,ARMADALE,WA,6112,150 FORREST ROAD,ARMADALE,WA,6112,-32.15932611,115.9987357,08 9497 1444,SOUTH METROPOLITAN,NON-GOVT SCHOOLS,NON-GOVERNMENT,KIN,Y12,40,47,43,46,40,47,47,44,,51,53,44,44,37,41,,624,85,1014,,,,,
4193,BYFORD SECONDARY COLLEGE,57 ABERNETHY ROAD,BYFORD,WA,6122,57 ABERNETHY ROAD,BYFORD,WA,6122,-32.22343162,116.0018793,08 9550 6100,SOUTH METROPOLITAN,Senior High Schools,SECONDARY SCHOOLS,Y07,Y12,,,,,,,,,,298,318,241,211,220,156,,1444,82,989,116,68,153,33,21.57
1223,LA SALLE COLLEGE,5 LA SALLE AVENUE,MIDDLE SWAN,WA,6056,5 LA SALLE AVENUE,MIDDLE SWAN,WA,6056,-31.87856979,116.004411,08 9449 0601,NORTH METROPOLITAN,NON-GOVT SCHOOLS,NON-GOVERNMENT,Y07,Y12,,,,,,,,,,254,254,237,224,212,211,,1392,85,1020,53,81.25,208,59,28.37
4086,MORAWA DISTRICT HIGH SCHOOL,34 GILL STREET,MORAWA,WA,6623,PO BOX 13,MORAWA,WA,6623,-29.21120142,116.0059132,08 9971 2500,MIDWEST,District High Schools,DISTRICT HIGH SCHOOLS,KIN,Y12,13,14,8,12,12,13,14,11,,20,19,18,8,6,6,,174,75,907,,,,,
4203,WESTERN AUSTRALIAN COLLEGE OF AGRICULTURE - MORAWA,WADDILOVE ROAD,MORAWA,WA,6623,PO BOX 15,MORAWA,WA,6623,-29.21120145,116.0059133,08 9971 1158,MIDWEST,Agricultural Colleges,SECONDARY SCHOOLS,Y10,Y12,,,,,,,,,,,,,20,13,18,,51,,,,,,,
4127,YULE BROOK COLLEGE,61 DELLAR ROAD,MADDINGTON,WA,6109,61 DELLAR ROAD,MADDINGTON,WA,6109,-32.04732734,116.0064617,08 9251 8333,SOUTH METROPOLITAN,High Schools,SECONDARY SCHOOLS,Y07,Y10,,,,,,,,,,79,72,75,63,,,,289,74,865,,,,,
1358,JOHN CALVIN CHRISTIAN COLLEGE,18 ROBIN HOOD AVENUE,ARMADALE,WA,6112,18 ROBIN HOOD AVENUE,ARMADALE,WA,6112,-32.14876453,116.0066034,08 9497 0000,SOUTH METROPOLITAN,NON-GOVT SCHOOLS,NON-GOVERNMENT,Y07,Y12,,,,,,,,,,62,71,83,56,54,46,,372,,,56,80.95,46,31,67.39
1433,YOUTH FUTURES COMMUNITY SCHOOL,1 CALE STREET,MIDLAND,WA,6056,1 CALE STREET,MIDLAND,WA,6056,-31.89226285,116.0066971,08 9250 6222,NORTH METROPOLITAN,NON-GOVT SCHOOLS,NON-GOVERNMENT,Y07,Y12,,,,,,,,,,1,10,18,27,14,16,,86,,,,,,,
1357,JOHN WOLLASTON ANGLICAN COMMUNITY SCHOOL,CENTRE ROAD,CAMILLO,WA,6111,CENTRE ROAD,CAMILLO,WA,6111,-32.104726,116.007834,08 9495 8100,SOUTH METROPOLITAN,NON-GOVT SCHOOLS,NON-GOVERNMENT,KIN,Y12,88,43,57,47,63,65,64,62,,95,74,87,76,72,75,,968,87,1054,40,83.3,75,29,38.67
1449,SOWILO COMMUNITY HIGH SCHOOL,UNIT 1/2 GILLAM DRIVE,KELMSCOTT,WA,6111,UNIT 1/2 GILLAM DRIVE,KELMSCOTT,WA,6111,-32.13104805,116.0098146,08 9390 1995,SOUTH METROPOLITAN,NON-GOVT SCHOOLS,NON-GOVERNMENT,Y07,Y12,,,,,,,,,,7,12,13,17,20,20,,89,73,955,,,,,
4116,DARLING RANGE SPORTS COLLEGE,117 BERKSHIRE ROAD,FORRESTFIELD,WA,6058,117 BERKSHIRE ROAD,FORRESTFIELD,WA,6058,-31.97566063,116.0108597,08 9453 0100,SOUTH METROPOLITAN,Senior High Schools,SECONDARY SCHOOLS,Y07,Y12,,,,,,,,,,192,169,205,165,129,134,,994,83,976,137,52.4,129,44,34.11
4058,KELMSCOTT SENIOR HIGH SCHOOL,CNR THIRD AVENUE/CAMMILLO ROAD,KELMSCOTT,WA,6111,PO BOX 21,KELMSCOTT,WA,6991,-32.12147619,116.0110534,08 9495 7400,SOUTH METROPOLITAN,Senior High Schools,SECONDARY SCHOOLS,Y07,Y12,,,,,,,,,,257,233,218,193,212,182,,1295,81,983,113,69.7,181,55,30.39
1304,SWAN CHRISTIAN COLLEGE,381 GREAT NORTHERN HIGHWAY,MIDDLE SWAN,WA,6056,381 GREAT NORTHERN HIGHWAY,MIDDLE SWAN,WA,6056,-31.85830659,116.0117533,08 9374 8300,NORTH METROPOLITAN,NON-GOVT SCHOOLS,NON-GOVERNMENT,KIN,Y12,36,43,49,57,55,60,79,82,,151,168,181,190,168,163,,1482,93,1064,93,74.65,163,64,39.26
1308,LUMEN CHRISTI COLLEGE,81 STATION STREET,MARTIN,WA,6110,81 STATION STREET,MARTIN,WA,6110,-32.06737479,116.0120135,08 9394 9300,SOUTH METROPOLITAN,NON-GOVT SCHOOLS,NON-GOVERNMENT,Y07,Y12,,,,,,,,,,174,160,173,158,153,159,,977,88,1013,122,65.9,157,46,29.3
4003,ARMADALE SENIOR HIGH SCHOOL,169 SOUTH WESTERN HIGHWAY,ARMADALE,WA,6112,PO BOX 189,ARMADALE,WA,6992,-32.16152603,116.0143523,08 9497 6400,SOUTH METROPOLITAN,Senior High Schools,SECONDARY SCHOOLS,Y07,Y12,,,,,,,,,,153,142,149,136,93,41,,714,74,931,,,,,
4052,CENTRAL MIDLANDS SENIOR HIGH SCHOOL,RANFURLY STREET,MOORA,WA,6510,RANFURLY STREET,MOORA,WA,6510,-30.64115241,116.0152142,08 9653 9200,WHEATBELT,Senior High Schools,SECONDARY SCHOOLS,Y07,Y12,,,,,,,,,,38,40,29,26,30,19,,182,83,956,,,,,
1253,HILLSIDE CHRISTIAN COLLEGE,336 HAWTIN ROAD,FORRESTFIELD,WA,6058,336 HAWTIN ROAD,FORRESTFIELD,WA,6058,-31.97978892,116.0173602,08 9453 2644,SOUTH METROPOLITAN,NON-GOVT SCHOOLS,NON-GOVERNMENT,KIN,Y12,19,28,27,26,27,33,28,27,,35,28,24,21,14,9,,346,82,1025,,,,,
1469,HERITAGE COLLEGE PERTH,339 HAWTIN ROAD,FORRESTFIELD,WA,6058,339 HAWTIN ROAD,FORRESTFIELD,WA,6058,-31.98220269,116.0196448,08 9453 1833,SOUTH METROPOLITAN,NON-GOVT SCHOOLS,NON-GOVERNMENT,KIN,Y12,4,12,3,9,9,5,13,13,,9,11,7,9,6,5,,115,88,1028,,,,,
4066,BULLSBROOK COLLEGE,CHITTERING ROAD,BULLSBROOK,WA,6084,CHITTERING ROAD,BULLSBROOK,WA,6084,-31.66171848,116.033179,08 9501 7600,NORTH METROPOLITAN,K-12 SCHOOLS,K-12 SCHOOLS,KIN,Y12,40,58,49,71,65,67,89,73,,79,88,70,74,87,51,,961,80,979,,,,,
1102,MAZENOD COLLEGE,55 GLADYS ROAD,LESMURDIE,WA,6076,55 GLADYS ROAD,LESMURDIE,WA,6076,-32.006679,116.0388409,08 9291 6500,SOUTH METROPOLITAN,NON-GOVT SCHOOLS,NON-GOVERNMENT,Y07,Y12,,,,,,,,,,147,159,143,147,127,122,,845,92,1067,25,85.25,122,61,50
4118,SWAN VIEW SENIOR HIGH SCHOOL,GLADSTONE AVENUE,SWAN VIEW,WA,6056,GLADSTONE AVENUE,SWAN VIEW,WA,6056,-31.8874797,116.0443339,08 9294 6100,NORTH METROPOLITAN,Senior High Schools,SECONDARY SCHOOLS,Y07,Y12,,,,,,,,,,116,132,107,118,68,101,,642,77,922,,,,,
4095,PEMBERTON DISTRICT HIGH SCHOOL,BURMA ROAD,PEMBERTON,WA,6260,BURMA ROAD,PEMBERTON,WA,6260,-34.44748,116.04588,08 9776 5800,SOUTH WEST,District High Schools,DISTRICT HIGH SCHOOLS,KIN,Y10,12,5,12,11,19,13,14,17,,10,9,6,12,,,,140,78,990,,,,,
1279,SOUTHERN HILLS CHRISTIAN COLLEGE,86 ADMIRAL ROAD,BEDFORDALE,WA,6112,86 ADMIRAL ROAD,BEDFORDALE,WA,6112,-32.1816559,116.0483177,08 9497 1751,SOUTH METROPOLITAN,NON-GOVT SCHOOLS,NON-GOVERNMENT,KIN,Y12,46,16,20,23,27,22,19,21,,34,20,22,21,30,17,,338,87,1038,,,,,
4133,LESMURDIE SENIOR HIGH SCHOOL,21 REID ROAD,LESMURDIE,WA,6076,21 REID ROAD,LESMURDIE,WA,6076,-32.01252075,116.0516431,08 9291 1200,SOUTH METROPOLITAN,Senior High Schools,SECONDARY SCHOOLS,Y07,Y12,,,,,,,,,,188,188,195,183,178,125,,1057,92,1032,71,78.95,124,44,35.48
1103,ST BRIGID'S COLLEGE,200 LESMURDIE ROAD,LESMURDIE,WA,6076,200 LESMURDIE ROAD,LESMURDIE,WA,6076,-31.99663035,116.0520664,08 9290 4200,SOUTH METROPOLITAN,NON-GOVT SCHOOLS,NON-GOVERNMENT,KIN,Y12,56,49,32,32,52,46,54,58,,81,85,87,81,89,103,,905,92,1048,99,73.85,103,61,59.22
4027,KALAMUNDA SENIOR HIGH SCHOOL,12 COTHERSTONE ROAD,KALAMUNDA,WA,6076,12 COTHERSTONE ROAD,KALAMUNDA,WA,6076,-31.97788079,116.0561861,08 9293 6400,SOUTH METROPOLITAN,Senior High Schools,SECONDARY SCHOOLS,Y07,Y12,,,,,,,,,,240,246,220,190,143,137,,1176,86,1015,107,71.05,137,53,38.69
1218,TREETOPS MONTESSORI SCHOOL,12 BEENONG ROAD,DARLINGTON,WA,6070,12 BEENONG ROAD,DARLINGTON,WA,6070,-31.92002226,116.074229,08 9299 6725,NORTH METROPOLITAN,NON-GOVT SCHOOLS,NON-GOVERNMENT,KIN,Y12,13,13,8,8,16,11,5,11,,6,8,8,6,1,5,,119,86,1074,,,,,
1483,IMMACULATE HEART COLLEGE,34 SANTA GERTRUDIS DRIVE,LOWER CHITTERING,WA,6084,34 SANTA GERTRUDIS DRIVE,LOWER CHITTERING,WA,6084,-31.56032856,116.0783495,08 9571 8135,NORTH METROPOLITAN,NON-GOVT SCHOOLS,NON-GOVERNMENT,KIN,Y11,40,28,32,31,32,39,29,26,,25,26,20,10,7,,,345,84,995,,,,,
4195,ROLEYSTONE COMMUNITY COLLEGE,90 RAEBURN ROAD,ROLEYSTONE,WA,6111,90 RAEBURN ROAD,ROLEYSTONE,WA,6111,-32.10331975,116.0846169,08 9391 6222,SOUTH METROPOLITAN,District High Schools,DISTRICT HIGH SCHOOLS,KIN,Y10,69,76,75,82,72,73,85,69,,75,75,54,37,,,,842,86,1039,,,,,
1055,HELENA COLLEGE,52 BILGOMAN ROAD,GLEN FORREST,WA,6071,52 BILGOMAN ROAD,GLEN FORREST,WA,6071,-31.90747,116.09144,08 9298 9100,NORTH METROPOLITAN,NON-GOVT SCHOOLS,NON-GOVERNMENT,KIN,Y12,15,25,26,29,30,29,54,83,,74,86,67,78,60,68,,724,96,1110,78,77.35,68,62,91.18
1037,CARMEL ADVENTIST COLLEGE,210 GLENISLA ROAD,CARMEL,WA,6076,210 GLENISLA ROAD,CARMEL,WA,6076,-32.01473096,116.0940371,08 9293 5333,SOUTH METROPOLITAN,NON-GOVT SCHOOLS,NON-GOVERNMENT,Y07,Y12,,,,,,,,,,36,40,35,32,31,32,,206,83,,,,,,
4094,NORTHCLIFFE DISTRICT HIGH SCHOOL,26 ZAMIA STREET,NORTHCLIFFE,WA,6262,26 ZAMIA STREET,NORTHCLIFFE,WA,6262,-34.63362225,116.1177689,08 9776 7055,SOUTH WEST,District High Schools,DISTRICT HIGH SCHOOLS,KIN,Y10,4,4,3,4,7,4,4,1,,6,2,3,2,,,,44,Not Rated,977,,,,,
4032,MANJIMUP SENIOR HIGH SCHOOL,RUTHERFORD STREET,MANJIMUP,WA,6258,LOCKED BAG 1,MANJIMUP,WA,6258,-34.233842,116.133228,08 9771 3400,SOUTH WEST,Senior High Schools,SECONDARY SCHOOLS,Y07,Y12,,,,,,,,,,75,101,107,80,139,106,,608,84,977,64,80.05,100,28,28
1105,KEARNAN COLLEGE,25 MOORE STREET,MANJIMUP,WA,6258,25 MOORE STREET,MANJIMUP,WA,6258,-34.24140477,116.1416408,08 9777 0677,SOUTH WEST,NON-GOVT SCHOOLS,NON-GOVERNMENT,KIN,Y12,12,27,16,15,24,13,20,26,,26,45,29,24,23,20,,320,88,1025,,,,,
4007,BRIDGETOWN HIGH SCHOOL,58 STEERE STREET,BRIDGETOWN,WA,6255,PO BOX 600,BRIDGETOWN,WA,6255,-33.95993882,116.1420907,08 9761 0100,SOUTH WEST,High Schools,SECONDARY SCHOOLS,Y07,Y10,,,,,,,,,,50,62,46,42,,,,200,82,989,,,,,
4014,COLLIE SENIOR HIGH SCHOOL,WITTENOOM STREET,COLLIE,WA,6225,PO BOX 808,COLLIE,WA,6225,-33.36307,116.156535,08 9735 1200,SOUTH WEST,Senior High Schools,SECONDARY SCHOOLS,Y07,Y12,,,,,,,,,,97,107,108,79,68,65,,524,79,931,,,,,
1354,MUNDARING CHRISTIAN COLLEGE,1605 WALKER STREET,MUNDARING,WA,6073,1605 WALKER STREET,MUNDARING,WA,6073,-31.89869433,116.1802693,08 9295 2688,NORTH METROPOLITAN,NON-GOVT SCHOOLS,NON-GOVERNMENT,KIN,Y12,37,16,12,26,14,33,23,34,,76,76,81,69,60,37,,594,89,1061,,,,,
1021,EDMUND RICE COLLEGE,3398 BINDOON DEWARS POOL ROAD,BINDOON,WA,6502,3398 BINDOON DEWARS POOL ROAD,BINDOON,WA,6502,-31.31077578,116.1856818,08 9576 5500,NORTH METROPOLITAN,NON-GOVT SCHOOLS,NON-GOVERNMENT,Y07,Y12,,,,,,,,,,23,20,28,28,16,19,,134,,,,,,,
4017,EASTERN HILLS SENIOR HIGH SCHOOL,LOT 289 KEANE STREET EAST,MOUNT HELENA,WA,6082,LOT 289 KEANE STREET EAST,MOUNT HELENA,WA,6082,-31.87396818,116.2200892,08 9573 0300,NORTH METROPOLITAN,Senior High Schools,SECONDARY SCHOOLS,Y07,Y12,,,,,,,,,,170,169,193,165,121,108,,926,87,1017,105,72.2,106,42,39.62
4062,BOYUP BROOK DISTRICT HIGH SCHOOL,77 BARRON STREET,BOYUP BROOK,WA,6244,77 BARRON STREET,BOYUP BROOK,WA,6244,-33.83634699,116.3913376,08 9765 0000,SOUTH WEST,District High Schools,DISTRICT HIGH SCHOOLS,KIN,Y10,15,15,10,18,13,11,14,17,,24,17,9,11,,,,174,90,1002,,,,,
4061,BODDINGTON DISTRICT HIGH SCHOOL,25 POLLARD STREET,BODDINGTON,WA,6390,25 POLLARD STREET,BODDINGTON,WA,6390,-32.80157748,116.467088,08 9884 2900,WHEATBELT,District High Schools,DISTRICT HIGH SCHOOLS,KIN,Y10,21,25,22,29,24,18,17,25,,21,17,18,5,,,,242,76,966,,,,,
4101,TOODYAY DISTRICT HIGH SCHOOL,DRUMMOND STREET EAST,TOODYAY,WA,6566,PO BOX 75,TOODYAY,WA,6566,-31.54802031,116.4726619,08 9578 2000,WHEATBELT,District High Schools,DISTRICT HIGH SCHOOLS,KIN,Y10,20,32,29,32,28,27,25,37,,28,24,28,11,,,,321,81,959,,,,,
4070,DALWALLINU DISTRICT HIGH SCHOOL,97 JOHNSTON STREET,DALWALLINU,WA,6609,97 JOHNSTON STREET,DALWALLINU,WA,6609,-30.2704732,116.6610879,08 6661 1500,WHEATBELT,District High Schools,DISTRICT HIGH SCHOOLS,KIN,Y12,17,13,15,26,14,18,21,21,,11,17,11,13,2,6,,205,78,964,,,,,
4041,NORTHAM SENIOR HIGH SCHOOL,KENNEDY STREET,NORTHAM,WA,6401,PO BOX 255,NORTHAM,WA,6401,-31.64725593,116.6676491,08 9621 0000,WHEATBELT,Senior High Schools,SECONDARY SCHOOLS,Y07,Y12,,,,,,,,,,110,115,110,106,114,109,,664,76,924,123,65.65,101,23,22.77
1139,ST JOSEPH'S SCHOOL,1 LANCE STREET,NORTHAM,WA,6401,1 LANCE STREET,NORTHAM,WA,6401,-31.65767596,116.6782822,08 9621 3500,WHEATBELT,NON-GOVT SCHOOLS,NON-GOVERNMENT,KIN,Y12,60,53,60,44,57,45,52,61,,63,62,56,47,41,31,,732,89,1032,,,,,
4105,WONGAN HILLS DISTRICT HIGH SCHOOL,QUINLAN STREET,WONGAN HILLS,WA,6603,QUINLAN STREET,WONGAN HILLS,WA,6603,-30.8905344,116.7213344,08 9671 2300,WHEATBELT,District High Schools,DISTRICT HIGH SCHOOLS,KIN,Y12,13,16,16,18,22,15,24,15,,15,9,12,7,3,1,,186,78,959,,,,,
4109,YORK DISTRICT HIGH SCHOOL,2 TREWS ROAD,YORK,WA,6302,2 TREWS ROAD,YORK,WA,6302,-31.89178422,116.7589984,08 9641 3100,WHEATBELT,District High Schools,DISTRICT HIGH SCHOOLS,KIN,Y10,28,31,39,36,43,38,31,47,,37,28,29,24,,,,411,74,918,,,,,
1335,ST LUKE'S COLLEGE,ROSEMARY ROAD,KARRATHA,WA,6714,ROSEMARY ROAD,KARRATHA,WA,6714,-20.75172597,116.8174458,08 9144 1081,PILBARA,NON-GOVT SCHOOLS,NON-GOVERNMENT,Y07,Y12,,,,,,,,,,84,70,69,67,47,27,,364,87,1034,,,,,
4056,KARRATHA SENIOR HIGH SCHOOL,DAMPIER ROAD,KARRATHA,WA,6714,PO BOX 1630,KARRATHA,WA,6714,-20.74695822,116.8241249,08 9187 8000,PILBARA,Senior High Schools,SECONDARY SCHOOLS,Y07,Y12,,,,,,,,,,265,237,233,203,148,122,,1208,76,944,132,62.8,118,26,22.03
4060,BEVERLEY DISTRICT HIGH SCHOOL,20 JOHN STREET,BEVERLEY,WA,6304,20 JOHN STREET,BEVERLEY,WA,6304,-32.10031422,116.9276944,08 9646 1165,WHEATBELT,District High Schools,DISTRICT HIGH SCHOOLS,KIN,Y10,13,15,18,16,12,12,12,21,,5,6,10,5,,,,145,78,966,,,,,
4063,BROOKTON DISTRICT HIGH SCHOOL,20 TILLER STREET,BROOKTON,WA,6306,20 TILLER STREET,BROOKTON,WA,6306,-32.37207392,117.0086817,08 9642 5000,WHEATBELT,District High Schools,DISTRICT HIGH SCHOOLS,KIN,Y10,21,15,13,12,12,11,13,17,,5,8,3,6,,,,136,Not Rated,899,,,,,
4075,DOWERIN DISTRICT HIGH SCHOOL,35 MEMORIAL AVENUE,DOWERIN,WA,6461,35 MEMORIAL AVENUE,DOWERIN,WA,6461,-31.19174,117.037882,08 9631 1030,WHEATBELT,District High Schools,DISTRICT HIGH SCHOOLS,KIN,Y10,15,11,13,13,10,5,14,9,,12,13,13,5,,,,133,Not Rated,961,,,,,
4200,WESTERN AUSTRALIAN COLLEGE OF AGRICULTURE - NARROGIN,216 COORAMINNING ROAD,NARROGIN,WA,6312,PO BOX 38,NARROGIN,WA,6312,-32.97365856,117.1172635,08 9881 9700,WHEATBELT,Agricultural Colleges,SECONDARY SCHOOLS,Y10,Y12,,,,,,,,,,,,,41,52,32,,125,,,,,,,
4189,ROEBOURNE DISTRICT HIGH SCHOOL,FRASER STREET,ROEBOURNE,WA,6718,PO BOX 186,ROEBOURNE,WA,6718,-20.76855012,117.14215,08 9182 3300,PILBARA,District High Schools,DISTRICT HIGH SCHOOLS,KIN,Y12,10,8,7,8,6,5,14,10,,9,12,15,10,12,9,,135,72,597,,,,,
4082,KOJONUP DISTRICT HIGH SCHOOL,BLACKWOOD ROAD,KOJONUP,WA,6395,BLACKWOOD ROAD,KOJONUP,WA,6395,-33.84013104,117.1565215,08 9831 3300,SOUTH WEST,District High Schools,DISTRICT HIGH SCHOOLS,KIN,Y10,24,21,23,32,15,39,17,17,,18,16,13,10,,,,245,77,968,,,,,
4039,NARROGIN SENIOR HIGH SCHOOL,GRAY STREET,NARROGIN,WA,6312,PMB 2,NARROGIN,WA,6312,-32.93810289,117.1914239,08 9881 9300,WHEATBELT,Senior High Schools,SECONDARY SCHOOLS,Y07,Y12,,,,,,,,,,124,131,105,120,80,92,,652,82,968,124,65.45,90,33,36.67
4201,WESTERN AUSTRALIAN COLLEGE OF AGRICULTURE - CUNDERDIN,267 CUNDERDIN-WYALKATCHEM ROAD,CUNDERDIN,WA,6407,PO BOX 132,CUNDERDIN,WA,6407,-31.626847,117.230704,08 9635 2100,WHEATBELT,Agricultural Colleges,SECONDARY SCHOOLS,Y11,Y12,,,,,,,,,,,,,,74,60,,134,,,,,,,
4069,CUNDERDIN DISTRICT HIGH SCHOOL,CUBBINE STREET,CUNDERDIN,WA,6407,CUBBINE STREET,CUNDERDIN,WA,6407,-31.65627,117.243877,08 9635 3300,WHEATBELT,District High Schools,DISTRICT HIGH SCHOOLS,KIN,Y10,13,13,14,14,16,12,14,12,,17,17,19,5,,,,166,83,952,,,,,
4102,WAGIN DISTRICT HIGH SCHOOL,10 RANFORD STREET,WAGIN,WA,6315,10 RANFORD STREET,WAGIN,WA,6315,-33.31189146,117.3404578,08 9861 3200,WHEATBELT,District High Schools,DISTRICT HIGH SCHOOLS,KIN,Y10,15,18,27,27,25,31,22,26,,16,17,15,7,,,,246,75,962,,,,,
4072,DENMARK SENIOR HIGH SCHOOL,956 SOUTH COAST HIGHWAY,DENMARK,WA,6333,956 SOUTH COAST HIGHWAY,DENMARK,WA,6333,-34.95741408,117.3645842,08 9848 0100,SOUTH WEST,Senior High Schools,SECONDARY SCHOOLS,Y07,Y12,,,,,,,,,,79,74,91,83,53,47,,427,93,1038,73,78.9,47,20,42.55
4202,WESTERN AUSTRALIAN COLLEGE OF AGRICULTURE - DENMARK,SOUTH COAST HIGHWAY,DENMARK,WA,6333,PO BOX 350,DENMARK,WA,6333,-34.94864439,117.373081,08 9848 0200,SOUTH WEST,Agricultural Colleges,SECONDARY SCHOOLS,Y10,Y12,,,,,,,,,,,,,41,51,44,,136,,,,,,,
4107,WYALKATCHEM DISTRICT HIGH SCHOOL,HONOUR AVENUE,WYALKATCHEM,WA,6485,HONOUR AVENUE,WYALKATCHEM,WA,6485,-31.1738,117.385581,08 9692 1500,WHEATBELT,District High Schools,DISTRICT HIGH SCHOOLS,KIN,Y10,5,4,4,1,7,5,3,11,,8,5,5,4,,,,62,Not Rated,902,,,,,
4097,QUAIRADING DISTRICT HIGH SCHOOL,MCLENNAN STREET,QUAIRADING,WA,6383,MCLENNAN STREET,QUAIRADING,WA,6383,-32.0076234,117.3985906,08 9645 1208,WHEATBELT,District High Schools,DISTRICT HIGH SCHOOLS,KIN,Y10,8,12,13,11,17,9,7,8,,16,5,4,4,,,,114,Not Rated,881,,,,,
4028,KATANNING SENIOR HIGH SCHOOL,2-8 GOLF LINKS ROAD,KATANNING,WA,6317,2-8 GOLF LINKS ROAD,KATANNING,WA,6317,-33.68321703,117.5692745,08 9891 1100,WHEATBELT,Senior High Schools,SECONDARY SCHOOLS,Y07,Y12,,,,,,,,,,53,59,64,61,51,38,,326,77,899,,,,,
4186,MOUNT BARKER COMMUNITY COLLEGE,WOOGENELLUP ROAD,MOUNT BARKER,WA,6324,PO BOX 116,MOUNT BARKER,WA,6324,-34.612767,117.665171,08 9851 5800,SOUTH WEST,K-12 SCHOOLS,K-12 SCHOOLS,KIN,Y12,42,57,44,47,42,44,49,44,,67,65,53,60,47,39,,700,78,942,,,,,
4081,KELLERBERRIN DISTRICT HIGH SCHOOL,54 JAMES STREET,KELLERBERRIN,WA,6410,54 JAMES STREET,KELLERBERRIN,WA,6410,-31.63149171,117.7186275,08 9045 6300,WHEATBELT,District High Schools,DISTRICT HIGH SCHOOLS,KIN,Y10,7,8,13,14,9,12,9,8,,5,9,3,4,,,,101,73,894,,,,,
4100,TOM PRICE SENIOR HIGH SCHOOL,MILPERA STREET,TOM PRICE,WA,6751,MILPERA STREET,TOM PRICE,WA,6751,-22.68733347,117.7946827,08 9188 3650,PILBARA,Senior High Schools,SECONDARY SCHOOLS,Y07,Y12,,,,,,,,,,56,61,49,44,38,32,,280,79,928,,,,,
4142,MOUNT MAGNET DISTRICT HIGH SCHOOL,LAURIE STREET,MOUNT MAGNET,WA,6638,PO BOX 60,MOUNT MAGNET,WA,6638,-28.05966342,117.8458664,08 9963 4081,MIDWEST,District High Schools,DISTRICT HIGH SCHOOLS,KIN,Y12,9,10,10,11,11,8,8,6,,3,2,4,2,2,1,,87,Not Rated,,,,,,
4137,NORTH ALBANY SENIOR HIGH SCHOOL,47 ANSON ROAD,ALBANY,WA,6330,47 ANSON ROAD,ALBANY,WA,6330,-34.99074882,117.8668674,08 9892 0611,SOUTH WEST,Senior High Schools,SECONDARY SCHOOLS,Y07,Y12,,,,,,,,,,179,166,151,141,115,81,,833,84,970,110,70.15,81,40,49.38
1003,JOHN CALVIN SCHOOL,9 BEAUFORT ROAD,ALBANY,WA,6330,9 BEAUFORT ROAD,ALBANY,WA,6330,-35.003739,117.871159,08 9841 3840,SOUTH WEST,NON-GOVT SCHOOLS,NON-GOVERNMENT,KIN,Y10,23,5,13,15,21,21,18,23,,21,16,12,16,,,,204,95,1024,,,,,
4068,CORRIGIN DISTRICT HIGH SCHOOL,53 LYNCH STREET,CORRIGIN,WA,6375,53 LYNCH STREET,CORRIGIN,WA,6375,-32.32675596,117.8771847,08 9063 2042,WHEATBELT,District High Schools,DISTRICT HIGH SCHOOLS,KIN,Y10,9,14,12,15,10,10,8,5,,8,8,3,6,,,,108,84,975,,,,,
1285,BETHEL CHRISTIAN SCHOOL,20 BETHEL WAY,ALBANY,WA,6330,20 BETHEL WAY,ALBANY,WA,6330,-35.00481744,117.881185,08 9842 2100,SOUTH WEST,NON-GOVT SCHOOLS,NON-GOVERNMENT,KIN,Y12,30,26,28,38,34,28,31,41,,32,46,23,27,37,16,,437,84,1016,,,,,
4001,ALBANY SENIOR HIGH SCHOOL,1 CAMPBELL ROAD,ALBANY,WA,6330,1 CAMPBELL ROAD,ALBANY,WA,6330,-35.02044765,117.8917733,08 9841 0444,SOUTH WEST,Senior High Schools,SECONDARY SCHOOLS,Y07,Y12,,,,,,,,,,181,195,164,153,160,124,,977,88,1010,101,72.8,123,53,43.09
1002,ST JOSEPH'S COLLEGE,MARTIN ROAD,ALBANY,WA,6330,MARTIN ROAD,ALBANY,WA,6330,-34.997944,117.902192,08 9844 0222,SOUTH WEST,NON-GOVT SCHOOLS,NON-GOVERNMENT,KIN,Y12,55,29,46,47,43,33,53,53,,57,61,48,38,39,25,,627,87,1033,,,,,
1438,AUSTRALIAN CHRISTIAN COLLEGE - SOUTHLANDS,26 BREWSTER ROAD,ALBANY,WA,6330,LOCKED BAG 5,ALBANY,WA,6330,-34.99550802,117.9227056,08 9892 5100,SOUTH WEST,NON-GOVT SCHOOLS,NON-GOVERNMENT,PPR,Y12,,23,15,26,18,30,34,52,,64,80,106,118,57,30,,653,91,1034,,,,,
1431,GREAT SOUTHERN GRAMMAR,244 NANARUP ROAD,LOWER KALGAN,WA,6330,244 NANARUP ROAD,LOWER KALGAN,WA,6330,-34.94755539,117.9707332,08 9844 0300,SOUTH WEST,NON-GOVT SCHOOLS,NON-GOVERNMENT,KIN,Y12,21,15,9,13,19,25,33,38,,62,101,97,82,95,83,,693,96,1075,84,76.05,83,54,65.06
4078,GNOWANGERUP DISTRICT HIGH SCHOOL,YOUGENUP ROAD,GNOWANGERUP,WA,6335,YOUGENUP ROAD,GNOWANGERUP,WA,6335,-33.938232,118.00801,08 9827 3300,SOUTH WEST,District High Schools,DISTRICT HIGH SCHOOLS,KIN,Y10,17,16,13,14,14,12,15,11,,7,6,8,4,,,,137,Not Rated,917,,,,,
4065,BRUCE ROCK DISTRICT HIGH SCHOOL,37 DUNSTALL STREET,BRUCE ROCK,WA,6418,37 DUNSTALL STREET,BRUCE ROCK,WA,6418,-31.87363474,118.1476627,08 9061 1237,WHEATBELT,Primary Schools,DISTRICT HIGH SCHOOLS,KIN,Y10,10,5,12,13,11,12,9,18,,15,7,2,4,,,,118,89,952,,,,,
4083,KULIN DISTRICT HIGH SCHOOL,GORDON STREET,KULIN,WA,6365,PO BOX 19,KULIN,WA,6365,-32.67021123,118.1526847,08 9880 1264,WHEATBELT,District High Schools,DISTRICT HIGH SCHOOLS,KIN,Y10,7,9,14,13,13,15,9,9,,12,8,10,8,,,,127,85,1033,,,,,
4087,MUKINBUDIN DISTRICT HIGH SCHOOL,WHITE STREET,MUKINBUDIN,WA,6479,WHITE STREET,MUKINBUDIN,WA,6479,-30.916192,118.208956,08 9048 3400,WHEATBELT,District High Schools,DISTRICT HIGH SCHOOLS,KIN,Y12,8,9,8,9,8,7,9,9,,4,6,11,3,1,4,,96,74,964,,,,,
4194,MERREDIN COLLEGE,WOOLGAR AVENUE,MERREDIN,WA,6415,WOOLGAR AVENUE,MERREDIN,WA,6415,-31.48808967,118.2849815,08 9041 7520,WHEATBELT,K-12 SCHOOLS,K-12 SCHOOLS,KIN,Y12,21,24,24,28,26,33,25,34,,57,58,67,60,38,43,,538,84,954,,,,,
4090,NAREMBEEN DISTRICT HIGH SCHOOL,ADA STREET,NAREMBEEN,WA,6369,PO BOX 8,NAREMBEEN,WA,6369,-32.06303073,118.3912322,08 9064 7286,WHEATBELT,District High Schools,DISTRICT HIGH SCHOOLS,KIN,Y10,14,16,11,12,12,8,9,10,,8,12,5,10,,,,127,95,1006,,,,,
4084,LAKE GRACE DISTRICT HIGH SCHOOL,1 SCHOOL PLACE,LAKE GRACE,WA,6353,1 SCHOOL PLACE,LAKE GRACE,WA,6353,-33.103443,118.459432,08 9865 1207,WHEATBELT,District High Schools,DISTRICT HIGH SCHOOLS,KIN,Y12,9,12,9,18,9,14,9,9,,7,8,8,4,2,1,,119,79,990,,,,,
4085,MEEKATHARRA DISTRICT HIGH SCHOOL,SAVAGE STREET,MEEKATHARRA,WA,6642,SAVAGE STREET,MEEKATHARRA,WA,6642,-26.59116051,118.4913155,08 9981 0800,MIDWEST,District High Schools,DISTRICT HIGH SCHOOLS,KIN,Y12,7,12,9,8,4,12,6,5,,8,8,6,5,1,4,,95,Not Rated,702,,,,,
4053,HEDLAND SENIOR HIGH SCHOOL,78 HAMILTON ROAD,SOUTH HEDLAND,WA,6722,PO BOX 2609,SOUTH HEDLAND,WA,6722,-20.39878872,118.598616,08 9172 8000,PILBARA,Senior High Schools,SECONDARY SCHOOLS,Y07,Y12,,,,,,,,,,209,177,163,143,123,101,,916,76,908,,,,,
1523,KARALUNDI COLLEGE,"LOT 1, KARALUNDI DRIVE",MEEKATHARRA,WA,6642,"LOT 1, KARALUNDI DRIVE",MEEKATHARRA,WA,6642,-26.130058,118.693121,08 9981 2937,MIDWEST,NON-GOVT SCHOOLS,NON-GOVERNMENT,Y07,Y10,,,,,,,,,,10,2,8,3,,,,23,,,,,,,
4080,JERRAMUNGUP DISTRICT HIGH SCHOOL,2 LANCASTER ROAD,JERRAMUNGUP,WA,6337,2 LANCASTER ROAD,JERRAMUNGUP,WA,6337,-33.94498437,118.9175865,08 9835 2600,SOUTH WEST,District High Schools,DISTRICT HIGH SCHOOLS,KIN,Y11,11,9,10,10,10,10,13,12,,13,11,12,4,1,,,126,78,992,,,,,
1242,STRELLEY COMMUNITY SCHOOL,WARRALONG STATION,VIA PORT HEDLAND,WA,6721,LOCKED BAG 188,PORT HEDLAND,WA,6721,-20.43710217,118.988487,08 9176 4925,PILBARA,NON-GOVT SCHOOLS,NON-GOVERNMENT,KIN,Y12,6,6,9,5,1,5,5,4,,7,,4,3,3,2,,60,Not Rated,754,,,,,
4099,SOUTHERN CROSS DISTRICT HIGH SCHOOL,ANTARES STREET,SOUTHERN CROSS,WA,6426,ANTARES STREET,SOUTHERN CROSS,WA,6426,-31.23119646,119.3268575,08 9048 9000,WHEATBELT,District High Schools,DISTRICT HIGH SCHOOLS,KIN,Y10,4,4,3,3,4,4,3,6,,8,4,6,7,,,,56,Not Rated,930,,,,,
4114,NEWMAN SENIOR HIGH SCHOOL,GREGORY AVENUE,NEWMAN,WA,6753,PMB 6,NEWMAN,WA,6753,-23.36220252,119.7341359,08 9175 8100,PILBARA,Senior High Schools,SECONDARY SCHOOLS,Y07,Y12,,,,,,,,,,81,59,53,46,52,31,,322,77,926,,,,,
4098,RAVENSTHORPE DISTRICT HIGH SCHOOL,MORGANS STREET,RAVENSTHORPE,WA,6346,LOCKED BAG 555,RAVENSTHORPE,WA,6346,-33.58198044,120.0519004,08 9852 3000,GOLDFIELDS,District High Schools,DISTRICT HIGH SCHOOLS,KIN,Y12,5,11,10,11,8,7,5,8,,14,13,13,3,,2,,110,77,970,,,,,
1284,CHRISTIAN ABORIGINAL PARENT-DIRECTED SCHOOL,85-93 LINDSAY STREET,COOLGARDIE,WA,6429,85-93 LINDSAY STREET,COOLGARDIE,WA,6429,-30.95228,121.16131,08 9093 8000,GOLDFIELDS,NON-GOVT SCHOOLS,NON-GOVERNMENT,KIN,Y12,2,7,2,2,5,3,5,6,,23,8,11,11,9,6,,100,73,723,,,,,
4151,LEONORA DISTRICT HIGH SCHOOL,GWALIA STREET,LEONORA,WA,6438,PO BOX 200,LEONORA,WA,6438,-28.88414676,121.3329384,08 9037 6143,GOLDFIELDS,District High Schools,DISTRICT HIGH SCHOOLS,KIN,Y11,8,12,12,9,5,9,9,8,,9,9,6,5,6,,,107,Not Rated,716,,,,,
1439,GOLDFIELDS BAPTIST COLLEGE,4 MAGUIRE STREET,KALGOORLIE,WA,6430,4 MAGUIRE STREET,KALGOORLIE,WA,6430,-30.77620533,121.4630845,08 9022 7535,GOLDFIELDS,NON-GOVT SCHOOLS,NON-GOVERNMENT,KIN,Y10,23,19,19,22,26,20,23,23,1,32,33,24,26,,,1,292,79,993,,,,,
4182,EASTERN GOLDFIELDS COLLEGE,70 CASSIDY STREET,KALGOORLIE,WA,6430,LOCKED BAG 33,KALGOORLIE PO,WA,6433,-30.75101639,121.4753746,08 9092 3100,GOLDFIELDS,Senior Colleges,SECONDARY SCHOOLS,Y11,Y12,,,,,,,,,,,,,,259,183,,442,Not Rated,990,115,68.2,165,41,24.85
1310,JOHN PAUL COLLEGE,LIONEL STREET,KALGOORLIE,WA,6430,LIONEL STREET,KALGOORLIE,WA,6430,-30.76410096,121.4787154,08 9021 4377,GOLDFIELDS,NON-GOVT SCHOOLS,NON-GOVERNMENT,Y07,Y12,,,,,,,,,,158,140,140,138,54,39,,669,87,1018,108,71,39,31,79.49
4185,KALGOORLIE-BOULDER COMMUNITY HIGH SCHOOL,BOOMERANG CRESCENT,KALGOORLIE,WA,6430,LOCKED BAG 9,KALGOORLIE,WA,6430,-30.76705062,121.4788763,08 9092 0300,GOLDFIELDS,High Schools,SECONDARY SCHOOLS,Y07,Y10,,,,,,,,,,268,220,192,155,,,,835,75,905,,,,,
4111,KAMBALDA WEST DISTRICT HIGH SCHOOL,SALMON GUM ROAD,KAMBALDA WEST,WA,6442,SALMON GUM ROAD,KAMBALDA WEST,WA,6442,-31.20551775,121.6204895,08 9027 2950,GOLDFIELDS,District High Schools,DISTRICT HIGH SCHOOLS,KIN,Y10,17,18,15,18,23,13,18,13,,21,22,21,20,,,,219,74,888,,,,,
4092,NORSEMAN DISTRICT HIGH SCHOOL,GOODLIFFE STREET,NORSEMAN,WA,6443,PO BOX 141,NORSEMAN,WA,6443,-32.19186573,121.773247,08 9083 9000,GOLDFIELDS,District High Schools,DISTRICT HIGH SCHOOLS,KIN,Y11,4,6,4,1,7,7,8,5,,5,5,3,6,3,,,64,73,826,,,,,
4018,ESPERANCE SENIOR HIGH SCHOOL,PINK LAKE ROAD,ESPERANCE,WA,6450,PO BOX 465,ESPERANCE,WA,6450,-33.86017872,121.868258,08 9071 9555,GOLDFIELDS,Senior High Schools,SECONDARY SCHOOLS,Y07,Y12,,,,,,,,,,151,188,161,147,141,125,,913,81,972,67,79.9,124,42,33.87
1367,WONGUTHA CHRISTIAN ABORIGINAL PARENT-DIRECTED SCHOOL,GIBSON ROAD EAST,GIBSON,WA,6448,GIBSON ROAD EAST,GIBSON,WA,6448,-33.658921,121.874743,08 9075 4011,GOLDFIELDS,NON-GOVT SCHOOLS,NON-GOVERNMENT,Y11,Y12,,,,,,,,,,,,,,33,30,,63,Not Rated,,,,,,
1481,ESPERANCE ANGLICAN COMMUNITY SCHOOL,5 GRIFFIN STREET,ESPERANCE,WA,6450,5 GRIFFIN STREET,ESPERANCE,WA,6450,-33.87140172,121.8844588,08 9083 2444,GOLDFIELDS,NON-GOVT SCHOOLS,NON-GOVERNMENT,Y07,Y12,,,,,,,,,,40,38,42,37,21,14,,192,87,1029,,,,,
1227,ST MARY'S COLLEGE,3 PORT DRIVE,BROOME,WA,6725,3 PORT DRIVE,BROOME,WA,6725,-17.96107323,122.222487,08 9194 9500,KIMBERLEY,NON-GOVT SCHOOLS,NON-GOVERNMENT,KIN,Y12,73,53,59,62,57,49,58,64,,82,65,55,40,42,23,,782,76,889,,,,,
1528,ST MARTIN DE PORRES SCHOOL,154 FREDERICK STREET,DJUGUN,WA,6725,154 FREDERICK STREET,DJUGUN,WA,6725,-17.954391,122.224409,08 9195 4200,KIMBERLEY,NON-GOVT SCHOOLS,NON-GOVERNMENT,Y10,Y10,,,,,,,,,,,,,1,,,,1,,,,,,,
4064,BROOME SENIOR HIGH SCHOOL,FREDERICK STREET,BROOME,WA,6725,PO BOX 1316,BROOME,WA,6725,-17.95614273,122.2323264,08 9195 3100,KIMBERLEY,Senior High Schools,SECONDARY SCHOOLS,Y07,Y12,,,,,,,,,,175,176,127,141,112,97,,828,78,932,90,75.45,94,36,38.3
1362,PARNNGURR COMMUNITY SCHOOL,PARNNGURR ABORIGINAL COMMUNITY,VIA NEWMAN  PMB14,WA,6753,PARNNGURR ABORIGINAL COMMUNITY,VIA NEWMAN  PMB14,WA,6753,-22.817552,122.597546,08 9176 9003,PILBARA,NON-GOVT SCHOOLS,NON-GOVERNMENT,PPR,Y12,,1,1,3,1,1,,,,6,3,1,4,4,2,,27,,,,,,,
1104,CHRIST THE KING CATHOLIC SCHOOL,LOMBADINA,LOMBADINA,WA,6725,LOMBADINA,LOMBADINA,WA,6725,-16.516088,122.892963,08 9192 4934,KIMBERLEY,NON-GOVT SCHOOLS,NON-GOVERNMENT,KIN,Y10,4,3,6,5,6,3,4,2,,7,2,2,4,,,,48,,,,,,,
1315,RAWA COMMUNITY SCHOOL ABORIGINAL CORPORATION,LAKE DORA (PUNMU COMMUNITY),GREAT SANDY DESERT,WA,6753,LAKE DORA (PUNMU COMMUNITY),GREAT SANDY DESERT,WA,6753,-22.044005,123.120655,08 9176 9022,PILBARA,NON-GOVT SCHOOLS,NON-GOVERNMENT,KIN,Y12,3,3,2,3,3,8,4,5,,4,3,4,2,3,1,,48,,,,,,,
4073,DERBY DISTRICT HIGH SCHOOL,10 ANDERSON STREET,DERBY,WA,6728,PMB 958,DERBY,WA,6728,-17.30943881,123.633739,08 9193 3000,KIMBERLEY,District High Schools,DISTRICT HIGH SCHOOLS,KIN,Y12,39,38,46,56,40,54,42,46,,45,47,46,33,20,12,,564,73,758,,,,,
1260,KULKARRIYA COMMUNITY SCHOOL,YUNGNGORA COMMUNITY NOONKANBAH STATION,VIA FITZROY CROSSING,WA,6765,YUNGNGORA COMMUNITY NOONKANBAH STATION,VIA FITZROY CROSSING,WA,6765,-18.503222,124.831111,08 9191 4737,KIMBERLEY,NON-GOVT SCHOOLS,NON-GOVERNMENT,KIN,Y10,9,11,6,4,6,3,10,2,,8,5,2,1,,,,67,Not Rated,645,,,,,
1416,WULUNGARRA COMMUNITY SCHOOL,MILLIJIDEE STATION,FITZROY CROSSING,WA,6765,MILLIJIDEE STATION,FITZROY CROSSING,WA,6765,-18.825259,124.941733,08 9191 7402,KIMBERLEY,NON-GOVT SCHOOLS,NON-GOVERNMENT,KIN,Y10,4,,,,1,4,2,2,,5,1,4,4,,,,27,,,,,,,
1382,YAKANARRA COMMUNITY SCHOOL,YAKANARRA COMMUNITY MANGUNAMPI ROAD,YAKANARRA,WA,6765,YAKANARRA COMMUNITY MANGUNAMPI ROAD,YAKANARRA,WA,6765,-18.671644,125.298823,08 9191 7164,KIMBERLEY,NON-GOVT SCHOOLS,NON-GOVERNMENT,KIN,Y10,4,1,3,2,3,3,1,4,,3,2,2,3,,,,31,Not Rated,,,,,,
4149,FITZROY VALLEY DISTRICT HIGH SCHOOL,FLYNN DRIVE,FITZROY CROSSING,WA,6765,PO BOX 106,FITZROY CROSSING,WA,6765,-18.196468,125.566842,08 9163 8600,KIMBERLEY,District High Schools,DISTRICT HIGH SCHOOLS,KIN,Y12,21,17,20,22,15,16,13,14,,30,43,38,15,21,11,,296,72,705,,,,,
1489,YIRAMALAY/WESLEY STUDIO SCHOOL,LEOPOLD DOWNS CATTLE STATION,VIA FITZROY CROSSING,WA,6765,LEOPOLD DOWNS CATTLE STATION,VIA FITZROY CROSSING,WA,6765,-18.193564,125.567949,03 8102 6000,KIMBERLEY,NON-GOVT SCHOOLS,NON-GOVERNMENT,Y10,Y12,,,,,,,,,,,,,17,13,16,,46,Not Rated,,,,,,
1297,YIYILI ABORIGINAL COMMUNITY SCHOOL,"LOT 1 EDUCATION STREET, YIYILI COMMUNITY",VIA HALLS CREEK,WA,6770,"LOT 1 EDUCATION STREET, YIYILI COMMUNITY",VIA HALLS CREEK,WA,6770,-18.718867,126.754211,08 9191 7195,KIMBERLEY,NON-GOVT SCHOOLS,NON-GOVERNMENT,KIN,Y10,5,7,3,4,5,10,5,5,,6,3,5,2,,,,60,Not Rated,,,,,,
4145,HALLS CREEK DISTRICT HIGH SCHOOL,THOMAS STREET,HALLS CREEK,WA,6770,PO BOX 117,HALLS CREEK,WA,6770,-18.22567554,127.669356,08 9171 5555,KIMBERLEY,District High Schools,DISTRICT HIGH SCHOOLS,KIN,Y12,28,25,24,28,26,28,27,30,,32,32,39,25,26,12,,382,73,,,,,,
1305,LUURNPA CATHOLIC SCHOOL,WIRRIMANU BALGO HILLS,VIA HALLS CREEK,WA,6770,WIRRIMANU BALGO HILLS,VIA HALLS CREEK,WA,6770,-20.142514,127.983031,08 9168 8902,KIMBERLEY,NON-GOVT SCHOOLS,NON-GOVERNMENT,KIN,Y10,11,8,9,12,7,12,14,5,,5,8,8,5,,,,104,Not Rated,585,,,,,
4108,WYNDHAM DISTRICT HIGH SCHOOL,COVERLEY STREET,WYNDHAM,WA,6740,PO BOX 21,WYNDHAM,WA,6740,-15.48878706,128.1212215,08 9161 1063,KIMBERLEY,District High Schools,DISTRICT HIGH SCHOOLS,KIN,Y12,6,9,4,8,5,7,11,7,,10,13,6,9,4,3,,102,73,700,,,,,
1271,NGALANGANGPUM SCHOOL,WARMUN COMMUNITY VIA GREAT NORTHERN HWY,KUNUNURRA,WA,6743,WARMUN COMMUNITY VIA GREAT NORTHERN HWY,KUNUNURRA,WA,6743,-17.029901,128.212134,08 9167 2501,KIMBERLEY,NON-GOVT SCHOOLS,NON-GOVERNMENT,KIN,Y10,4,7,4,4,4,7,6,4,,3,4,10,7,,,,64,Not Rated,664,,,,,
4123,EAST KIMBERLEY COLLEGE,MANGALOO STREET,KUNUNURRA,WA,6743,PO BOX 617,KUNUNURRA,WA,6743,-15.76888254,128.7361825,08 9168 4400,KIMBERLEY,K-12 SCHOOLS,K-12 SCHOOLS,KIN,Y12,60,63,78,80,74,81,88,85,,77,65,51,63,42,42,,949,,,,,,,
